-- phpMyAdmin SQL Dump
-- version 3.5.8.1deb1
-- http://www.phpmyadmin.net
--
-- Host: 192.168.0.37
-- Generation Time: Jan 30, 2023 at 04:34 PM
-- Server version: 5.7.41-0ubuntu0.18.04.1
-- PHP Version: 5.6.23-1+deprecated+dontuse+deb.sury.org~precise+1

SET SQL_MODE="NO_AUTO_VALUE_ON_ZERO";
SET time_zone = "+00:00";


/*!40101 SET @OLD_CHARACTER_SET_CLIENT=@@CHARACTER_SET_CLIENT */;
/*!40101 SET @OLD_CHARACTER_SET_RESULTS=@@CHARACTER_SET_RESULTS */;
/*!40101 SET @OLD_COLLATION_CONNECTION=@@COLLATION_CONNECTION */;
/*!40101 SET NAMES utf8 */;

--
-- Database: `metrors`
--

-- --------------------------------------------------------

--
-- Table structure for table `languages`
--

CREATE TABLE IF NOT EXISTS `languages` (
  `id` int(11) NOT NULL AUTO_INCREMENT,
  `active` tinyint(1) NOT NULL DEFAULT '0',
  `name` varchar(128) NOT NULL,
  `code` varchar(50) NOT NULL,
  `sort` int(11) NOT NULL,
  PRIMARY KEY (`id`)
) ENGINE=InnoDB  DEFAULT CHARSET=utf8 AUTO_INCREMENT=3 ;

--
-- Dumping data for table `languages`
--

INSERT INTO `languages` (`id`, `active`, `name`, `code`, `sort`) VALUES
(1, 1, 'Русский', 'rus', 1),
(2, 1, 'Транслит', 'eng', 2);

-- --------------------------------------------------------

--
-- Table structure for table `lines`
--

CREATE TABLE IF NOT EXISTS `lines` (
  `id` int(11) NOT NULL AUTO_INCREMENT,
  `number` varchar(10) NOT NULL,
  `name` varchar(255) NOT NULL,
  `color` varchar(7) NOT NULL,
  `style` enum('fill','transparent') DEFAULT NULL,
  `circular` tinyint(1) DEFAULT '0',
  `external_id` varchar(128) DEFAULT NULL,
  `sort` int(11) DEFAULT NULL,
  PRIMARY KEY (`id`),
  UNIQUE KEY `number` (`number`,`name`)
) ENGINE=InnoDB  DEFAULT CHARSET=utf8 AUTO_INCREMENT=38 ;

--
-- Dumping data for table `lines`
--

INSERT INTO `lines` (`id`, `number`, `name`, `color`, `style`, `circular`, `external_id`, `sort`) VALUES
(21, '1', 'Сокольническая линия', '#FF0000', NULL, 0, '1', 1),
(22, '2', 'Замоскворецкая линия', '#009245', NULL, 0, '2', 2),
(23, '3', 'Арбатско-Покровская линия', '#0078BE', NULL, 0, '3', 3),
(24, '4', 'Филёвская линия', '#00C0F2', NULL, 0, '4', 4),
(25, '5', 'Калужско-Рижская линия', '#FF7C00', NULL, 0, '5', 6),
(26, '6', 'Кольцевая линия', '#754C24', NULL, 0, '6', 5),
(27, '7', 'Серпуховско-Тимирязевская линия', '#A1A3A5', NULL, 0, '7', 9),
(28, '8', 'Таганско-Краснопресненская линия', '#93278F', NULL, 0, '8', 7),
(29, '9', 'Калининская линия', '#E8CC00', NULL, 0, '9', 8),
(30, '10', 'Люблинско-Дмитровская линия', '#ACD60D', NULL, 0, '10', 10),
(31, '11', 'Большая кольцевая линия', '#6CC1BA', NULL, 0, '11', 11),
(32, '12', 'Бутовская линия', '#ABBEE2', NULL, 0, '12', 12),
(33, '13', 'Солнцевская линия', '#FFDD00', NULL, 0, '13', 80),
(34, '14', 'МЦД-1', '#F7A600', NULL, 0, '14', 16),
(35, '15', 'МЦД-2', '#F42A7C', NULL, 0, '15', 17),
(36, '16', 'МЦК', '#FF0000', NULL, 0, '16', 14),
(37, '17', 'Некрасовская линия', '#E09EBF', NULL, 0, '17', 15);

-- --------------------------------------------------------

--
-- Table structure for table `lines_translation`
--

CREATE TABLE IF NOT EXISTS `lines_translation` (
  `id` int(11) NOT NULL AUTO_INCREMENT,
  `line_id` int(11) NOT NULL,
  `language_id` int(11) NOT NULL,
  `value` varchar(255) NOT NULL,
  PRIMARY KEY (`id`),
  KEY `language_id` (`language_id`),
  KEY `line_id` (`line_id`)
) ENGINE=InnoDB  DEFAULT CHARSET=utf8 AUTO_INCREMENT=35 ;

--
-- Dumping data for table `lines_translation`
--

INSERT INTO `lines_translation` (`id`, `line_id`, `language_id`, `value`) VALUES
(1, 21, 1, 'Сокольническая линия'),
(2, 21, 2, 'Sokolnicheskaya line'),
(3, 22, 1, 'Замоскворецкая линия'),
(4, 22, 2, 'Zamoskvoretskaya line'),
(5, 23, 1, 'Арбатско-Покровская линия'),
(6, 23, 2, 'Arbatsko-Pokrovskaya Line'),
(7, 24, 1, 'Филёвская линия'),
(8, 24, 2, 'Filevskaya line'),
(9, 25, 1, 'Калужско-Рижская линия'),
(10, 25, 2, 'Kaluzhsko-Rizhskaya Line'),
(11, 26, 1, 'Кольцевая линия'),
(12, 26, 2, 'Koltsevaya line'),
(13, 27, 1, 'Серпуховско-Тимирязевская линия'),
(14, 27, 2, 'Serpukhovksko-Timiryazevskaya line'),
(15, 28, 1, 'Таганско-Краснопресненская линия'),
(16, 28, 2, 'Tagansko-Krasnopresnenskaya line'),
(17, 29, 1, 'Калининская линия'),
(18, 29, 2, 'Kalininskaya line'),
(19, 30, 1, 'Люблинско-Дмитровская линия'),
(20, 30, 2, 'Lyublinsko-Dmitrovskaya line'),
(21, 31, 1, 'Большая кольцевая линия'),
(22, 31, 2, 'Bolshaya Koltsevaya line'),
(23, 32, 1, 'Бутовская линия'),
(24, 32, 2, 'Butovskaya line'),
(25, 33, 1, 'Солнцевская линия'),
(26, 33, 2, 'Solntsevskaya line'),
(27, 34, 1, 'МЦД-1'),
(28, 34, 2, 'D-1'),
(29, 35, 1, 'МЦД-2'),
(30, 35, 2, 'D-2'),
(31, 36, 1, 'МЦК'),
(32, 36, 2, 'MCC'),
(33, 37, 1, 'Некрасовская линия'),
(34, 37, 2, 'Nekrasovkaya line');

-- --------------------------------------------------------

--
-- Table structure for table `services`
--

CREATE TABLE IF NOT EXISTS `services` (
  `id` int(11) NOT NULL AUTO_INCREMENT,
  `code` varchar(50) NOT NULL,
  `name` varchar(500) NOT NULL,
  `icon` varchar(500) DEFAULT NULL,
  PRIMARY KEY (`id`),
  KEY `code` (`code`)
) ENGINE=InnoDB  DEFAULT CHARSET=utf8 AUTO_INCREMENT=20 ;

--
-- Dumping data for table `services`
--

INSERT INTO `services` (`id`, `code`, `name`, `icon`) VALUES
(1, 'BANK', 'Банкомат', NULL),
(2, 'FOOD', 'Продажа еды', NULL),
(3, 'INFO', 'Информационная стойка', NULL),
(4, 'PRINT', 'Печать', NULL),
(5, 'SALES', 'Точка продаж (бизнес)', NULL),
(6, 'COFFEE', 'Можно купить кофе', NULL),
(7, 'TOILET', 'Туалет', NULL),
(8, 'OPTICS', 'Салоны оптики', NULL),
(9, 'FLOWERS', 'Продажа цветов', NULL),
(10, 'BATTERY', 'Зарядка для гаджетов', NULL),
(11, 'CARRIER', 'Продажа сим карт', NULL),
(12, 'THEATRE', 'Билеты на театр', NULL),
(13, 'VENDING', 'Вендинговые автоматы', NULL),
(14, 'INVALID', 'Поддержка МГН', NULL),
(15, 'PARKING', 'Парковка перехватывающая', NULL),
(16, 'SIMCARD', 'Симкаматы', NULL),
(17, 'ELEVATOR', 'Лифт', NULL),
(18, 'CANDY', 'Продажа сладостей', NULL),
(19, 'WINDOW', 'Сервисное окно', NULL);

-- --------------------------------------------------------

--
-- Table structure for table `stations`
--

CREATE TABLE IF NOT EXISTS `stations` (
  `id` int(11) NOT NULL AUTO_INCREMENT,
  `external_id` varchar(128) DEFAULT NULL,
  `number` varchar(128) DEFAULT NULL,
  `line_id` int(11) NOT NULL,
  `name` varchar(128) NOT NULL,
  `cross_line_id` int(11) DEFAULT NULL,
  `cross_type` enum('simple','circular') DEFAULT NULL,
  `crossPlatform` tinyint(1) DEFAULT NULL,
  `crossPlatformColor` varchar(7) DEFAULT NULL,
  `scheme` varchar(500) DEFAULT NULL,
  `sort` int(11) DEFAULT NULL,
  `active` int(11) NOT NULL DEFAULT '1',
  PRIMARY KEY (`id`),
  KEY `line_id` (`line_id`,`cross_line_id`)
) ENGINE=InnoDB  DEFAULT CHARSET=utf8 AUTO_INCREMENT=345 ;

--
-- Dumping data for table `stations`
--

INSERT INTO `stations` (`id`, `external_id`, `number`, `line_id`, `name`, `cross_line_id`, `cross_type`, `crossPlatform`, `crossPlatformColor`, `scheme`, `sort`, `active`) VALUES
(3, '119', '119', 23, 'Курская', NULL, NULL, NULL, NULL, NULL, 15, 1),
(4, '24', '24', 21, 'Проспект Вернадского', NULL, NULL, NULL, NULL, NULL, 18, 1),
(5, '39', '39', 21, 'Коммунарка', NULL, NULL, NULL, NULL, NULL, 26, 1),
(6, '47', '47', 22, 'Театральная', NULL, NULL, NULL, NULL, NULL, 12, 1),
(7, '41', '41', 22, 'Сокол', NULL, NULL, NULL, NULL, NULL, 6, 1),
(8, '37', '37', 21, 'Прокшино ', NULL, NULL, NULL, NULL, NULL, 24, 1),
(9, '45', '45', 22, 'Маяковская', NULL, NULL, NULL, NULL, NULL, 10, 1),
(10, '116', '116', 22, 'Орехово', NULL, NULL, NULL, NULL, NULL, 21, 1),
(11, '1', '1', 21, 'Бульвар Рокоссовского', NULL, NULL, NULL, NULL, NULL, 1, 1),
(12, '8', '8', 21, 'Черкизовская', NULL, NULL, NULL, NULL, NULL, 2, 1),
(13, '9', '9', 21, 'Преображенская площадь', NULL, NULL, NULL, NULL, NULL, 3, 1),
(14, '10', '10', 21, 'Сокольники', NULL, NULL, NULL, NULL, NULL, 4, 1),
(15, '11', '11', 21, 'Красносельская', NULL, NULL, NULL, NULL, NULL, 5, 1),
(16, '13', '13', 21, 'Красные Ворота', NULL, NULL, NULL, NULL, NULL, 7, 1),
(17, '14', '14', 21, 'Чистые пруды', NULL, NULL, NULL, NULL, NULL, 8, 1),
(18, '38', '38', 21, 'Ольховая', NULL, NULL, NULL, NULL, NULL, 25, 1),
(19, '15', '15', 21, 'Лубянка', NULL, NULL, NULL, NULL, NULL, 9, 1),
(20, '16', '16', 21, 'Охотный Ряд', NULL, NULL, NULL, NULL, NULL, 10, 1),
(21, '17', '17', 21, 'Библиотека им. Ленина', NULL, NULL, NULL, NULL, NULL, 11, 1),
(22, '88', '88', 22, 'Автозаводская', NULL, NULL, NULL, NULL, NULL, 15, 1),
(23, '19', '19', 21, 'Парк культуры', NULL, NULL, NULL, NULL, NULL, 13, 1),
(24, '21', '21', 21, 'Спортивная', NULL, NULL, NULL, NULL, NULL, 15, 1),
(25, '22', '22', 21, 'Воробьёвы горы', NULL, NULL, NULL, NULL, NULL, 16, 1),
(26, '26', '26', 21, 'Юго-Западная', NULL, NULL, NULL, NULL, NULL, 19, 1),
(27, '23', '23', 21, 'Университет', NULL, NULL, NULL, NULL, NULL, 17, 1),
(28, '18', '18', 21, 'Кропоткинская', NULL, NULL, NULL, NULL, NULL, 12, 1),
(29, '33', '33', 21, 'Тропарёво', NULL, NULL, NULL, NULL, NULL, 20, 1),
(30, '34', '34', 21, 'Румянцево', NULL, NULL, NULL, NULL, NULL, 21, 1),
(31, '35', '35', 21, 'Саларьево', NULL, NULL, NULL, NULL, NULL, 22, 1),
(32, '36', '36', 21, 'Филатов Луг', NULL, NULL, NULL, NULL, NULL, 23, 1),
(33, '99', '99', 23, 'Молодёжная', NULL, NULL, NULL, NULL, NULL, 7, 1),
(34, '2', '2', 22, 'Ховрино', NULL, NULL, NULL, NULL, NULL, 1, 1),
(35, '6', '6', 22, 'Беломорская', NULL, NULL, NULL, NULL, NULL, 2, 1),
(36, '7', '7', 22, 'Речной вокзал', NULL, NULL, NULL, NULL, NULL, 3, 1),
(37, '25', '25', 22, 'Водный стадион', NULL, NULL, NULL, NULL, NULL, 4, 1),
(38, '42', '42', 22, 'Аэропорт', NULL, NULL, NULL, NULL, NULL, 7, 1),
(39, '43', '43', 22, 'Динамо', NULL, NULL, NULL, NULL, NULL, 8, 1),
(40, '46', '46', 22, 'Тверская', NULL, NULL, NULL, NULL, NULL, 11, 1),
(41, '48', '48', 22, 'Новокузнецкая', NULL, NULL, NULL, NULL, NULL, 13, 1),
(42, '49', '49', 22, 'Павелецкая', NULL, NULL, NULL, NULL, NULL, 14, 1),
(43, '89', '89', 22, 'Технопарк', NULL, NULL, NULL, NULL, NULL, 16, 1),
(44, '92', '92', 22, 'Коломенская', NULL, NULL, NULL, NULL, NULL, 17, 1),
(45, '95', '95', 22, 'Каширская', NULL, NULL, NULL, NULL, NULL, 18, 1),
(46, '98', '98', 22, 'Кантемировская', NULL, NULL, NULL, NULL, NULL, 19, 1),
(47, '101', '101', 22, 'Царицыно', NULL, NULL, NULL, NULL, NULL, 20, 1),
(48, '90', '90', 23, 'Пятницкое шоссе', NULL, NULL, NULL, NULL, NULL, 1, 1),
(49, '91', '91', 23, 'Митино', NULL, NULL, NULL, NULL, NULL, 2, 1),
(50, '93', '93', 23, 'Волоколамская', NULL, NULL, NULL, NULL, NULL, 3, 1),
(51, '94', '94', 23, 'Мякинино', NULL, NULL, NULL, NULL, NULL, 4, 1),
(52, '96', '96', 23, 'Строгино', NULL, NULL, NULL, NULL, NULL, 5, 1),
(53, '100', '100', 23, 'Кунцевская', NULL, NULL, NULL, NULL, NULL, 8, 1),
(54, '102', '102', 23, 'Славянский бульвар', NULL, NULL, NULL, NULL, NULL, 9, 1),
(55, '112', '112', 23, 'Киевская', NULL, NULL, NULL, NULL, NULL, 11, 1),
(56, '115', '115', 23, 'Смоленская', NULL, NULL, NULL, NULL, NULL, 12, 1),
(57, '118', '118', 23, 'Площадь Революции ', NULL, NULL, NULL, NULL, NULL, 14, 1),
(58, '120', '120', 23, 'Бауманская', NULL, NULL, NULL, NULL, NULL, 16, 1),
(59, '121', '121', 23, 'Электрозаводская', NULL, NULL, NULL, NULL, NULL, 17, 1),
(60, '122', '122', 23, 'Семёновская', NULL, NULL, NULL, NULL, NULL, 18, 1),
(61, '123', '123', 23, 'Партизанская', NULL, NULL, NULL, NULL, NULL, 19, 1),
(62, '117', '117', 23, 'Арбатская', NULL, NULL, NULL, NULL, NULL, 13, 1),
(63, '12', '12', 21, 'Комсомольская', NULL, NULL, NULL, NULL, NULL, 6, 1),
(64, '124', '124', 23, 'Измайловская', NULL, NULL, NULL, NULL, NULL, 20, 1),
(65, '125', '125', 23, 'Первомайская', NULL, NULL, NULL, NULL, NULL, 21, 1),
(66, '126', '126', 23, 'Щёлковская', NULL, NULL, NULL, NULL, NULL, 22, 1),
(67, '127', '127', 24, 'Кунцевская', NULL, NULL, NULL, NULL, NULL, 1, 1),
(68, '128', '128', 24, 'Пионерская', NULL, NULL, NULL, NULL, NULL, 2, 1),
(69, '129', '129', 24, 'Филёвский парк', NULL, NULL, NULL, NULL, NULL, 3, 1),
(70, '133', '133', 24, 'Багратионовская', NULL, NULL, NULL, NULL, NULL, 4, 1),
(71, '136', '136', 24, 'Фили', NULL, NULL, NULL, NULL, NULL, 5, 1),
(72, '137', '137', 24, 'Кутузовская', NULL, NULL, NULL, NULL, NULL, 6, 1),
(73, '138', '138', 24, 'Студенческая', NULL, NULL, NULL, NULL, NULL, 7, 1),
(74, '139', '139', 24, 'Международная', NULL, NULL, NULL, NULL, NULL, 8, 1),
(75, '140', '140', 24, 'Выставочная', NULL, NULL, NULL, NULL, NULL, 9, 1),
(76, '141', '141', 24, 'Киевская', NULL, NULL, NULL, NULL, NULL, 10, 1),
(77, '150', '150', 25, 'Бабушкинская', NULL, NULL, NULL, NULL, NULL, 2, 1),
(78, '151', '151', 24, 'Смоленская', NULL, NULL, NULL, NULL, NULL, 11, 1),
(79, '152', '152', 24, 'Арбатская', NULL, NULL, NULL, NULL, NULL, 12, 1),
(80, '153', '153', 24, 'Александровский сад', NULL, NULL, NULL, NULL, NULL, 13, 1),
(81, '154', '154', 25, 'Свиблово', NULL, NULL, NULL, NULL, NULL, 3, 1),
(82, '156', '156', 25, 'ВДНХ', NULL, NULL, NULL, NULL, NULL, 5, 1),
(83, '157', '157', 25, 'Алексеевская', NULL, NULL, NULL, NULL, NULL, 6, 1),
(84, '159', '159', 25, 'Проспект Мира', NULL, NULL, NULL, NULL, NULL, 8, 1),
(85, '160', '160', 25, 'Сухаревская', NULL, NULL, NULL, NULL, NULL, 9, 1),
(86, '161', '161', 26, 'Проспект Мира', NULL, NULL, NULL, NULL, NULL, 1, 1),
(87, '162', '162', 25, 'Тургеневская', NULL, NULL, NULL, NULL, NULL, 10, 1),
(88, '163', '163', 26, 'Комсомольская', NULL, NULL, NULL, NULL, NULL, 2, 1),
(89, '164', '164', 26, 'Курская', NULL, NULL, NULL, NULL, NULL, 3, 1),
(90, '165', '165', 26, 'Таганская', NULL, NULL, NULL, NULL, NULL, 4, 1),
(91, '166', '166', 25, 'Китай-город', NULL, NULL, NULL, NULL, NULL, 11, 1),
(92, '167', '167', 26, 'Павелецкая', NULL, NULL, NULL, NULL, NULL, 5, 1),
(93, '168', '168', 26, 'Добрынинская', NULL, NULL, NULL, NULL, NULL, 6, 1),
(94, '169', '169', 25, 'Третьяковская', NULL, NULL, NULL, NULL, NULL, 12, 1),
(95, '170', '170', 26, 'Октябрьская', NULL, NULL, NULL, NULL, NULL, 7, 1),
(96, '171', '171', 26, 'Парк культуры', NULL, NULL, NULL, NULL, NULL, 8, 1),
(97, '172', '172', 25, 'Октябрьская', NULL, NULL, NULL, NULL, NULL, 13, 1),
(98, '173', '173', 26, 'Киевская', NULL, NULL, NULL, NULL, NULL, 9, 1),
(99, '174', '174', 26, 'Краснопресненская', NULL, NULL, NULL, NULL, NULL, 10, 1),
(100, '175', '175', 25, 'Шаболовская', NULL, NULL, NULL, NULL, NULL, 14, 1),
(101, '176', '176', 26, 'Белорусская', NULL, NULL, NULL, NULL, NULL, 11, 1),
(102, '177', '177', 26, 'Новослободская', NULL, NULL, NULL, NULL, NULL, 12, 1),
(103, '179', '179', 25, 'Академическая', NULL, NULL, NULL, NULL, NULL, 16, 1),
(104, '180', '180', 25, 'Профсоюзная', NULL, NULL, NULL, NULL, NULL, 17, 1),
(105, '181', '181', 25, 'Новые Черёмушки', NULL, NULL, NULL, NULL, NULL, 18, 1),
(106, '182', '182', 25, 'Калужская', NULL, NULL, NULL, NULL, NULL, 19, 1),
(107, '183', '183', 25, 'Беляево', NULL, NULL, NULL, NULL, NULL, 20, 1),
(108, '184', '184', 25, 'Коньково', NULL, NULL, NULL, NULL, NULL, 21, 1),
(109, '185', '185', 25, 'Тёплый Стан', NULL, NULL, NULL, NULL, NULL, 22, 1),
(110, '186', '186', 25, 'Ясенево', NULL, NULL, NULL, NULL, NULL, 23, 1),
(111, '187', '187', 25, 'Новоясеневская', NULL, NULL, NULL, NULL, NULL, 24, 1),
(112, '188', '188', 27, 'Алтуфьево', NULL, NULL, NULL, NULL, NULL, 1, 1),
(113, '189', '189', 27, 'Бибирево', NULL, NULL, NULL, NULL, NULL, 2, 1),
(114, '190', '190', 27, 'Отрадное', NULL, NULL, NULL, NULL, NULL, 3, 1),
(115, '191', '191', 28, 'Планерная', NULL, NULL, NULL, NULL, NULL, 1, 1),
(116, '193', '193', 28, 'Сходненская', NULL, NULL, NULL, NULL, NULL, 2, 1),
(117, '194', '194', 28, 'Тушинская', NULL, NULL, NULL, NULL, NULL, 3, 1),
(118, '195', '195', 27, 'Петровско-Разумовская', NULL, NULL, NULL, NULL, NULL, 5, 1),
(119, '196', '196', 28, 'Спартак', NULL, NULL, NULL, NULL, NULL, 4, 1),
(120, '197', '197', 28, 'Щукинская', NULL, NULL, NULL, NULL, NULL, 5, 1),
(121, '199', '199', 28, 'Октябрьское поле', NULL, NULL, NULL, NULL, NULL, 6, 1),
(122, '200', '200', 28, 'Полежаевская', NULL, NULL, NULL, NULL, NULL, 7, 1),
(123, '201', '201', 28, 'Беговая', NULL, NULL, NULL, NULL, NULL, 8, 1),
(124, '192', '192', 27, 'Владыкино', NULL, NULL, NULL, NULL, NULL, 4, 1),
(125, '155', '155', 25, 'Ботанический сад', NULL, NULL, NULL, NULL, NULL, 4, 1),
(126, '158', '158', 25, 'Рижская', NULL, NULL, NULL, NULL, NULL, 7, 1),
(127, '202', '202', 28, 'Улица 1905 года', NULL, NULL, NULL, NULL, NULL, 9, 1),
(128, '198', '198', 27, 'Тимирязевская', NULL, NULL, NULL, NULL, NULL, 6, 1),
(129, '142', '142', 22, 'Домодедовская', NULL, NULL, NULL, NULL, NULL, 22, 1),
(130, '147', '147', 22, 'Красногвардейская', NULL, NULL, NULL, NULL, NULL, 23, 1),
(131, '148', '148', 22, 'Алма-Атинская', NULL, NULL, NULL, NULL, NULL, 24, 1),
(132, '149', '149', 25, 'Медведково', NULL, NULL, NULL, NULL, NULL, 1, 1),
(133, '178', '178', 25, 'Ленинский проспект', NULL, NULL, NULL, NULL, NULL, 15, 1),
(134, '203', '203', 28, 'Баррикадная', NULL, NULL, NULL, NULL, NULL, 10, 1),
(135, '204', '204', 28, 'Пушкинская', NULL, NULL, NULL, NULL, NULL, 11, 1),
(136, '205', '205', 27, 'Дмитровская', NULL, NULL, NULL, NULL, NULL, 7, 1),
(137, '207', '207', 28, 'Китай-город', NULL, NULL, NULL, NULL, NULL, 13, 1),
(138, '208', '208', 28, 'Таганская', NULL, NULL, NULL, NULL, NULL, 14, 1),
(139, '209', '209', 27, 'Савёловская', NULL, NULL, NULL, NULL, NULL, 8, 1),
(140, '210', '210', 28, 'Пролетарская', NULL, NULL, NULL, NULL, NULL, 15, 1),
(141, '211', '211', 27, 'Менделеевская', NULL, NULL, NULL, NULL, NULL, 9, 1),
(142, '212', '212', 28, 'Волгоградский проспект', NULL, NULL, NULL, NULL, NULL, 16, 1),
(143, '213', '213', 28, 'Текстильщики', NULL, NULL, NULL, NULL, NULL, 17, 1),
(144, '214', '214', 28, 'Кузьминки', NULL, NULL, NULL, NULL, NULL, 18, 1),
(145, '215', '215', 28, 'Рязанский проспект ', NULL, NULL, NULL, NULL, NULL, 19, 1),
(146, '216', '216', 28, 'Выхино', NULL, NULL, NULL, NULL, NULL, 20, 1),
(147, '217', '217', 28, 'Лермонтовский проспект', NULL, NULL, NULL, NULL, NULL, 21, 1),
(148, '218', '218', 27, 'Цветной бульвар', NULL, NULL, NULL, NULL, NULL, 10, 1),
(149, '219', '219', 28, 'Жулебино', NULL, NULL, NULL, NULL, NULL, 22, 1),
(150, '220', '220', 28, 'Котельники', NULL, NULL, NULL, NULL, NULL, 23, 1),
(151, '221', '221', 27, 'Чеховская', NULL, NULL, NULL, NULL, NULL, 11, 1),
(152, '222', '222', 27, 'Боровицкая', NULL, NULL, NULL, NULL, NULL, 12, 1),
(153, '223', '223', 27, 'Полянка', NULL, NULL, NULL, NULL, NULL, 13, 1),
(154, '224', '224', 27, 'Серпуховская', NULL, NULL, NULL, NULL, NULL, 14, 1),
(155, '225', '225', 27, 'Тульская', NULL, NULL, NULL, NULL, NULL, 15, 1),
(156, '226', '226', 27, 'Нагатинская', NULL, NULL, NULL, NULL, NULL, 16, 1),
(157, '227', '227', 27, 'Нагорная', NULL, NULL, NULL, NULL, NULL, 17, 1),
(158, '228', '228', 27, 'Нахимовский проспект', NULL, NULL, NULL, NULL, NULL, 18, 1),
(159, '230', '230', 27, 'Чертановская', NULL, NULL, NULL, NULL, NULL, 20, 1),
(160, '232', '232', 27, 'Пражская', NULL, NULL, NULL, NULL, NULL, 22, 1),
(161, '233', '233', 27, 'Улица Академика Янгеля', NULL, NULL, NULL, NULL, NULL, 23, 1),
(162, '236', '236', 29, 'Новокосино', NULL, NULL, NULL, NULL, NULL, 1, 1),
(163, '238', '238', 29, 'Перово', NULL, NULL, NULL, NULL, NULL, 3, 1),
(164, '240', '240', 29, 'Авиамоторная', NULL, NULL, NULL, NULL, NULL, 5, 1),
(165, '241', '241', 29, 'Площадь Ильича', NULL, NULL, NULL, NULL, NULL, 6, 1),
(166, '242', '242', 29, 'Марксистская', NULL, NULL, NULL, NULL, NULL, 7, 1),
(167, '243', '243', 29, 'Третьяковская', NULL, NULL, NULL, NULL, NULL, 8, 1),
(168, '244', '244', 30, 'Селигерская', NULL, NULL, NULL, NULL, NULL, 1, 1),
(169, '245', '245', 30, 'Верхние Лихоборы', NULL, NULL, NULL, NULL, NULL, 2, 1),
(170, '248', '248', 30, 'Фонвизинская', NULL, NULL, NULL, NULL, NULL, 5, 1),
(171, '249', '249', 30, 'Бутырская', NULL, NULL, NULL, NULL, NULL, 6, 1),
(172, '250', '250', 30, 'Марьина Роща', NULL, NULL, NULL, NULL, NULL, 7, 1),
(173, '251', '251', 30, 'Достоевская', NULL, NULL, NULL, NULL, NULL, 8, 1),
(174, '252', '252', 30, 'Трубная', NULL, NULL, NULL, NULL, NULL, 9, 1),
(175, '253', '253', 30, 'Сретенский бульвар', NULL, NULL, NULL, NULL, NULL, 10, 1),
(176, '255', '255', 30, 'Чкаловская', NULL, NULL, NULL, NULL, NULL, 11, 1),
(177, '257', '257', 30, 'Римская', NULL, NULL, NULL, NULL, NULL, 12, 1),
(178, '259', '259', 30, 'Крестьянская застава', NULL, NULL, NULL, NULL, NULL, 13, 1),
(179, '261', '261', 30, 'Дубровка', NULL, NULL, NULL, NULL, NULL, 14, 1),
(180, '263', '263', 30, 'Кожуховская', NULL, NULL, NULL, NULL, NULL, 15, 1),
(181, '265', '265', 30, 'Печатники', NULL, NULL, NULL, NULL, NULL, 16, 1),
(182, '229', '229', 27, 'Севастопольская', NULL, NULL, NULL, NULL, NULL, 19, 1),
(183, '231', '231', 27, 'Южная', NULL, NULL, NULL, NULL, NULL, 21, 1),
(184, '234', '234', 27, 'Аннино', NULL, NULL, NULL, NULL, NULL, 24, 1),
(185, '235', '235', 27, 'Бульвар Дмитрия Донского', NULL, NULL, NULL, NULL, NULL, 25, 1),
(186, '237', '237', 29, 'Новогиреево', NULL, NULL, NULL, NULL, NULL, 2, 1),
(187, '246', '246', 30, 'Окружная', NULL, NULL, NULL, NULL, NULL, 3, 1),
(188, '247', '247', 30, 'Петровско-Разумовская', NULL, NULL, NULL, NULL, NULL, 4, 1),
(189, '239', '239', 29, 'Шоссе Энтузиастов', NULL, NULL, NULL, NULL, NULL, 4, 1),
(190, '270', '270', 30, 'Братиславская', NULL, NULL, NULL, NULL, NULL, 19, 1),
(191, '272', '272', 30, 'Марьино', NULL, NULL, NULL, NULL, NULL, 20, 1),
(192, '273', '273', 30, 'Борисово', NULL, NULL, NULL, NULL, NULL, 21, 1),
(193, '266', '266', 31, 'Каховская', NULL, NULL, NULL, NULL, NULL, 18, 1),
(194, '269', '269', 31, 'Варшавская', NULL, NULL, NULL, NULL, NULL, 19, 1),
(195, '206', '206', 28, 'Кузнецкий мост', NULL, NULL, NULL, NULL, NULL, 12, 1),
(196, '264', '264', 31, 'Деловой центр', NULL, NULL, NULL, NULL, NULL, 6, 1),
(197, '274', '274', 30, 'Шипиловская', NULL, NULL, NULL, NULL, NULL, 22, 1),
(198, '275', '275', 30, 'Зябликово', NULL, NULL, NULL, NULL, NULL, 23, 1),
(199, '277', '277', 32, 'Битцевский парк', NULL, NULL, NULL, NULL, NULL, 1, 1),
(200, '278', '278', 32, 'Лесопарковая', NULL, NULL, NULL, NULL, NULL, 2, 1),
(201, '279', '279', 32, 'Улица Старокачаловская', NULL, NULL, NULL, NULL, NULL, 3, 1),
(202, '280', '280', 32, 'Улица Скобелевская', NULL, NULL, NULL, NULL, NULL, 4, 1),
(203, '281', '281', 32, 'Бульвар Адмирала Ушакова', NULL, NULL, NULL, NULL, NULL, 5, 1),
(204, '282', '282', 32, 'Улица Горчакова', NULL, NULL, NULL, NULL, NULL, 6, 1),
(205, '283', '283', 32, 'Бунинская Аллея', NULL, NULL, NULL, NULL, NULL, 7, 1),
(206, '290', '290', 34, 'Лобня', NULL, NULL, NULL, NULL, NULL, 1, 1),
(207, '292', '292', 34, 'Шереметьевская', NULL, NULL, NULL, NULL, NULL, 2, 1),
(208, '293', '293', 33, 'Ломоносовский проспект', NULL, NULL, NULL, NULL, NULL, 8, 1),
(209, '294', '294', 33, 'Раменки', NULL, NULL, NULL, NULL, NULL, 9, 1),
(210, '295', '295', 34, 'Хлебниково', NULL, NULL, NULL, NULL, NULL, 3, 1),
(211, '296', '296', 33, 'Мичуринский проспект', NULL, NULL, NULL, NULL, NULL, 10, 1),
(212, '297', '297', 34, 'Водники', NULL, NULL, NULL, NULL, NULL, 4, 1),
(213, '298', '298', 33, 'Озёрная', NULL, NULL, NULL, NULL, NULL, 11, 1),
(214, '299', '299', 34, 'Долгопрудная', NULL, NULL, NULL, NULL, NULL, 5, 1),
(215, '300', '300', 33, 'Говорово', NULL, NULL, NULL, NULL, NULL, 12, 1),
(216, '301', '301', 34, 'Новодачная', NULL, NULL, NULL, NULL, NULL, 6, 1),
(217, '303', '303', 33, 'Солнцево', NULL, NULL, NULL, NULL, NULL, 13, 1),
(218, '304', '304', 34, 'Лианозово', NULL, NULL, NULL, NULL, NULL, 8, 1),
(219, '305', '305', 33, 'Боровское шоссе', NULL, NULL, NULL, NULL, NULL, 14, 1),
(220, '306', '306', 33, 'Новопеределкино', NULL, NULL, NULL, NULL, NULL, 15, 1),
(221, '307', '307', 34, 'Бескудниково', NULL, NULL, NULL, NULL, NULL, 9, 1),
(222, '309', '309', 34, 'Дегунино', NULL, NULL, NULL, NULL, NULL, 10, 1),
(223, '310', '310', 34, 'Окружная', NULL, NULL, NULL, NULL, NULL, 11, 1),
(224, '311', '311', 34, 'Тимирязевская', NULL, NULL, NULL, NULL, NULL, 12, 1),
(225, '312', '312', 34, 'Савёловская', NULL, NULL, NULL, NULL, NULL, 13, 1),
(226, '313', '313', 34, 'Белорусская', NULL, NULL, NULL, NULL, NULL, 14, 1),
(227, '314', '314', 34, 'Беговая', NULL, NULL, NULL, NULL, NULL, 15, 1),
(228, '315', '315', 34, 'Тестовская', NULL, NULL, NULL, NULL, NULL, 16, 1),
(229, '316', '316', 34, 'Фили', NULL, NULL, NULL, NULL, NULL, 17, 1),
(230, '317', '317', 34, 'Славянский бульвар', NULL, NULL, NULL, NULL, NULL, 18, 1),
(231, '318', '318', 34, 'Кунцевская', NULL, NULL, NULL, NULL, NULL, 19, 1),
(232, '320', '320', 34, 'Сетунь', NULL, NULL, NULL, NULL, NULL, 21, 1),
(233, '321', '321', 34, 'Немчиновка', NULL, NULL, NULL, NULL, NULL, 22, 1),
(234, '322', '322', 34, 'Сколково', NULL, NULL, NULL, NULL, NULL, 23, 1),
(235, '323', '323', 34, 'Баковка', NULL, NULL, NULL, NULL, NULL, 24, 1),
(236, '324', '324', 34, 'Одинцово', NULL, NULL, NULL, NULL, NULL, 25, 1),
(237, '325', '325', 35, 'Нахабино', NULL, NULL, NULL, NULL, NULL, 1, 1),
(238, '326', '326', 35, 'Аникеевка', NULL, NULL, NULL, NULL, NULL, 2, 1),
(239, '327', '327', 35, 'Опалиха', NULL, NULL, NULL, NULL, NULL, 3, 1),
(240, '328', '328', 35, 'Красногорская', NULL, NULL, NULL, NULL, NULL, 4, 1),
(241, '329', '329', 35, 'Павшино', NULL, NULL, NULL, NULL, NULL, 5, 1),
(242, '330', '330', 35, 'Пенягино', NULL, NULL, NULL, NULL, NULL, 6, 1),
(243, '331', '331', 35, 'Волоколамская', NULL, NULL, NULL, NULL, NULL, 7, 1),
(244, '332', '332', 35, 'Трикотажная', NULL, NULL, NULL, NULL, NULL, 8, 1),
(245, '333', '333', 35, 'Тушинская', NULL, NULL, NULL, NULL, NULL, 9, 1),
(246, '267', '267', 30, 'Волжская', NULL, NULL, NULL, NULL, NULL, 17, 1),
(247, '291', '291', 33, 'Минская', NULL, NULL, NULL, NULL, NULL, 7, 1),
(248, '289', '289', 33, 'Парк Победы', NULL, NULL, NULL, NULL, NULL, 6, 1),
(249, '319', '319', 34, 'Рабочий посёлок', NULL, NULL, NULL, NULL, NULL, 20, 1),
(250, '268', '268', 30, 'Люблино', NULL, NULL, NULL, NULL, NULL, 18, 1),
(251, '335', '335', 35, 'Стрешнево', NULL, NULL, NULL, NULL, NULL, 11, 1),
(252, '336', '336', 35, 'Красный Балтиец', NULL, NULL, NULL, NULL, NULL, 12, 1),
(253, '337', '337', 35, 'Гражданская', NULL, NULL, NULL, NULL, NULL, 13, 1),
(254, '338', '338', 36, 'Ботанический сад', NULL, NULL, NULL, NULL, NULL, 1, 1),
(255, '339', '339', 35, 'Дмитровская', NULL, NULL, NULL, NULL, NULL, 14, 1),
(256, '341', '341', 35, 'Рижская', NULL, NULL, NULL, NULL, NULL, 15, 1),
(257, '334', '334', 35, 'Щукинская', NULL, NULL, NULL, NULL, NULL, 10, 1),
(258, '302', '302', 34, 'Марк', NULL, NULL, NULL, NULL, NULL, 7, 1),
(259, '342', '342', 36, 'Белокаменная', NULL, NULL, NULL, NULL, NULL, 3, 1),
(260, '344', '344', 35, 'Курская', NULL, NULL, NULL, NULL, NULL, 17, 1),
(261, '345', '345', 36, 'Бульвар Рокоссовского', NULL, NULL, NULL, NULL, NULL, 4, 1),
(262, '348', '348', 35, 'Калитники', NULL, NULL, NULL, NULL, NULL, 19, 1),
(263, '349', '349', 36, 'Измайлово', NULL, NULL, NULL, NULL, NULL, 6, 1),
(264, '350', '350', 35, 'Новохохловская', NULL, NULL, NULL, NULL, NULL, 20, 1),
(265, '352', '352', 35, 'Текстильщики', NULL, NULL, NULL, NULL, NULL, 21, 1),
(266, '353', '353', 36, 'Шоссе Энтузиастов', NULL, NULL, NULL, NULL, NULL, 8, 1),
(267, '359', '359', 36, 'Новохохловская', NULL, NULL, NULL, NULL, NULL, 11, 1),
(268, '372', '372', 36, 'Крымская', NULL, NULL, NULL, NULL, NULL, 17, 1),
(269, '375', '375', 36, 'Площадь Гагарина', NULL, NULL, NULL, NULL, NULL, 18, 1),
(270, '377', '377', 36, 'Лужники', NULL, NULL, NULL, NULL, NULL, 19, 1),
(271, '379', '379', 36, 'Кутузовская', NULL, NULL, NULL, NULL, NULL, 20, 1),
(272, '380', '380', 36, 'Деловой центр', NULL, NULL, NULL, NULL, NULL, 21, 1),
(273, '382', '382', 36, 'Хорошёво', NULL, NULL, NULL, NULL, NULL, 23, 1),
(274, '385', '385', 36, 'Стрешнево', NULL, NULL, NULL, NULL, NULL, 26, 1),
(275, '387', '387', 36, 'Коптево', NULL, NULL, NULL, NULL, NULL, 28, 1),
(276, '388', '388', 36, 'Лихоборы', NULL, NULL, NULL, NULL, NULL, 29, 1),
(277, '340', '340', 36, 'Ростокино', NULL, NULL, NULL, NULL, NULL, 2, 1),
(278, '347', '347', 36, 'Локомотив', NULL, NULL, NULL, NULL, NULL, 5, 1),
(279, '351', '351', 36, 'Соколиная гора', NULL, NULL, NULL, NULL, NULL, 7, 1),
(280, '355', '355', 36, 'Андроновка', NULL, NULL, NULL, NULL, NULL, 9, 1),
(281, '357', '357', 36, 'Нижегородская', NULL, NULL, NULL, NULL, NULL, 10, 1),
(282, '361', '361', 36, 'Угрешская', NULL, NULL, NULL, NULL, NULL, 12, 1),
(283, '364', '364', 36, 'Дубровка', NULL, NULL, NULL, NULL, NULL, 13, 1),
(284, '366', '366', 36, 'Автозаводская', NULL, NULL, NULL, NULL, NULL, 14, 1),
(285, '368', '368', 36, 'ЗИЛ', NULL, NULL, NULL, NULL, NULL, 15, 1),
(286, '370', '370', 36, 'Верхние Котлы', NULL, NULL, NULL, NULL, NULL, 16, 1),
(287, '381', '381', 36, 'Шелепиха', NULL, NULL, NULL, NULL, NULL, 22, 1),
(288, '383', '383', 36, 'Зорге', NULL, NULL, NULL, NULL, NULL, 24, 1),
(289, '384', '384', 36, 'Панфиловская', NULL, NULL, NULL, NULL, NULL, 25, 1),
(290, '386', '386', 36, 'Балтийская', NULL, NULL, NULL, NULL, NULL, 27, 1),
(291, '389', '389', 36, 'Окружная', NULL, NULL, NULL, NULL, NULL, 30, 1),
(292, '390', '390', 36, 'Владыкино', NULL, NULL, NULL, NULL, NULL, 31, 1),
(293, '394', '394', 37, 'Нижегородская', NULL, NULL, NULL, NULL, NULL, 4, 1),
(294, '395', '395', 37, 'Стахановская', NULL, NULL, NULL, NULL, NULL, 5, 1),
(295, '40', '40', 22, 'Войковская', NULL, NULL, NULL, NULL, NULL, 5, 1),
(296, '392', '392', 37, 'Лефортово', NULL, NULL, NULL, NULL, NULL, 2, 1),
(297, '393', '393', 37, 'Авиамоторная', NULL, NULL, NULL, NULL, NULL, 3, 1),
(298, '396', '396', 37, 'Окская', NULL, NULL, NULL, NULL, NULL, 6, 1),
(299, '397', '397', 37, 'Юго-Восточная', NULL, NULL, NULL, NULL, NULL, 7, 1),
(300, '398', '398', 37, 'Косино', NULL, NULL, NULL, NULL, NULL, 8, 1),
(301, '399', '399', 37, 'Улица Дмитриевского', NULL, NULL, NULL, NULL, NULL, 9, 1),
(302, '400', '400', 37, 'Лухмановская', NULL, NULL, NULL, NULL, NULL, 10, 1),
(303, '401', '401', 37, 'Некрасовка', NULL, NULL, NULL, NULL, NULL, 11, 1),
(304, '346', '346', 35, 'Москва-Товарная', NULL, NULL, NULL, NULL, NULL, 18, 1),
(305, '308', '308', 33, 'Рассказовка', NULL, NULL, NULL, NULL, NULL, 16, 1),
(306, '20', '20', 21, 'Фрунзенская', NULL, NULL, NULL, NULL, NULL, 14, 1),
(307, '44', '44', 22, 'Белорусская', NULL, NULL, NULL, NULL, NULL, 9, 1),
(308, '97', '97', 23, 'Крылатское', NULL, NULL, NULL, NULL, NULL, 6, 1),
(309, '111', '111', 23, 'Парк Победы', NULL, NULL, NULL, NULL, NULL, 10, 1),
(310, '354', '354', 35, 'Люблино', NULL, NULL, NULL, NULL, NULL, 23, 1),
(311, '356', '356', 35, 'Депо', NULL, NULL, NULL, NULL, NULL, 24, 1),
(312, '358', '358', 35, 'Перерва', NULL, NULL, NULL, NULL, NULL, 25, 1),
(313, '360', '360', 35, 'Курьяново', NULL, NULL, NULL, NULL, NULL, 26, 1),
(314, '362', '362', 35, 'Москворечье', NULL, NULL, NULL, NULL, NULL, 27, 1),
(315, '363', '363', 35, 'Царицыно', NULL, NULL, NULL, NULL, NULL, 28, 1),
(316, '365', '365', 35, 'Покровское', NULL, NULL, NULL, NULL, NULL, 29, 1),
(317, '367', '367', 35, 'Красный Строитель', NULL, NULL, NULL, NULL, NULL, 30, 1),
(318, '369', '369', 35, 'Битца', NULL, NULL, NULL, NULL, NULL, 31, 1),
(319, '371', '371', 35, 'Бутово', NULL, NULL, NULL, NULL, NULL, 32, 1),
(320, '373', '373', 35, 'Щербинка', NULL, NULL, NULL, NULL, NULL, 33, 1),
(321, '374', '374', 35, 'Остафьево', NULL, NULL, NULL, NULL, NULL, 34, 1),
(322, '376', '376', 35, 'Силикатная', NULL, NULL, NULL, NULL, NULL, 35, 1),
(323, '378', '378', 35, 'Подольск', NULL, NULL, NULL, NULL, NULL, 36, 1),
(324, '402', '402', 31, 'Савёловская', NULL, NULL, NULL, NULL, NULL, 1, 1),
(325, '403', '403', 31, 'Петровский парк', NULL, NULL, NULL, NULL, NULL, 2, 1),
(326, '404', '404', 31, 'ЦСКА', NULL, NULL, NULL, NULL, NULL, 3, 1),
(327, '405', '405', 31, 'Хорошёвская', NULL, NULL, NULL, NULL, NULL, 4, 1),
(328, '406', '406', 31, 'Шелепиха', NULL, NULL, NULL, NULL, NULL, 5, 1),
(329, '408', '408', 37, 'Электрозаводская', NULL, NULL, NULL, NULL, NULL, 1, 1),
(330, '410', '410', 31, 'Мнёвники', NULL, NULL, NULL, NULL, NULL, 8, 1),
(331, '409', '409', 31, 'Народное Ополчение', NULL, NULL, NULL, NULL, NULL, 7, 1),
(332, '428', '428', 31, 'Новаторская', NULL, NULL, NULL, NULL, NULL, 15, 1),
(333, '407', '407', 33, 'Деловой центр', NULL, NULL, NULL, NULL, NULL, 1, 1),
(334, '271', '271', 31, 'Каширская', NULL, NULL, NULL, NULL, NULL, 20, 1),
(335, '430', '430', 31, 'Зюзино', NULL, NULL, NULL, NULL, NULL, 17, 1),
(336, '429', '429', 31, 'Воронцовская', NULL, NULL, NULL, NULL, NULL, 16, 1),
(337, '427', '427', 31, 'Проспект Вернадского', NULL, NULL, NULL, NULL, NULL, 14, 1),
(338, '426', '426', 31, 'Мичуринский проспект', NULL, NULL, NULL, NULL, NULL, 13, 1),
(339, '425', '425', 31, 'Аминьевская', NULL, NULL, NULL, NULL, NULL, 12, 1),
(340, '424', '424', 31, 'Давыдково', NULL, NULL, NULL, NULL, NULL, 11, 1),
(341, '423', '423', 31, 'Кунцевская', NULL, NULL, NULL, NULL, NULL, 10, 1),
(342, '422', '422', 31, 'Терехово', NULL, NULL, NULL, NULL, NULL, 9, 1),
(343, '445', '445', 35, 'Печатники', NULL, NULL, NULL, NULL, NULL, 22, 1),
(344, '343', '343', 35, 'Площадь трёх вокзалов', NULL, NULL, NULL, NULL, NULL, 16, 1);

-- --------------------------------------------------------

--
-- Table structure for table `stations_audio`
--

CREATE TABLE IF NOT EXISTS `stations_audio` (
  `id` int(11) NOT NULL AUTO_INCREMENT,
  `station_id` int(11) NOT NULL,
  `direction` enum('forward','backward') NOT NULL,
  `action` enum('arrive','departure','toend') NOT NULL,
  `sound` varchar(500) DEFAULT NULL,
  PRIMARY KEY (`id`),
  KEY `station_id` (`station_id`)
) ENGINE=InnoDB DEFAULT CHARSET=utf8 AUTO_INCREMENT=1 ;

-- --------------------------------------------------------

--
-- Table structure for table `stations_exits`
--

CREATE TABLE IF NOT EXISTS `stations_exits` (
  `id` int(11) NOT NULL AUTO_INCREMENT,
  `station_id` int(11) NOT NULL,
  `direction` enum('forward','backward') NOT NULL,
  `doors` enum('left','right') NOT NULL,
  PRIMARY KEY (`id`),
  KEY `station_id` (`station_id`)
) ENGINE=InnoDB  DEFAULT CHARSET=utf8 AUTO_INCREMENT=4 ;

--
-- Dumping data for table `stations_exits`
--

INSERT INTO `stations_exits` (`id`, `station_id`, `direction`, `doors`) VALUES
(1, 324, 'forward', 'left'),
(2, 324, 'forward', 'right'),
(3, 324, 'backward', 'left');

-- --------------------------------------------------------

--
-- Table structure for table `stations_features`
--

CREATE TABLE IF NOT EXISTS `stations_features` (
  `id` int(11) NOT NULL AUTO_INCREMENT,
  `station_id` int(11) DEFAULT NULL,
  `feature_id` int(11) NOT NULL,
  PRIMARY KEY (`id`),
  KEY `feature_id` (`feature_id`),
  KEY `station_id` (`station_id`)
) ENGINE=InnoDB  DEFAULT CHARSET=utf8 AUTO_INCREMENT=1256 ;

--
-- Dumping data for table `stations_features`
--

INSERT INTO `stations_features` (`id`, `station_id`, `feature_id`) VALUES
(1, 3, 10),
(2, 3, 1),
(3, 4, 14),
(4, 5, 14),
(5, 5, 17),
(6, 5, 15),
(7, 6, 14),
(8, 6, 6),
(9, 6, 10),
(10, 6, 1),
(11, 7, 11),
(12, 7, 9),
(13, 7, 6),
(14, 7, 12),
(15, 7, 5),
(16, 7, 4),
(17, 7, 8),
(18, 7, 1),
(19, 7, 18),
(20, 8, 3),
(21, 8, 17),
(22, 8, 15),
(23, 9, 11),
(24, 9, 14),
(25, 9, 10),
(26, 9, 5),
(27, 9, 7),
(28, 9, 13),
(29, 9, 1),
(30, 10, 6),
(31, 10, 5),
(32, 10, 1),
(33, 10, 18),
(34, 11, 14),
(35, 11, 13),
(36, 11, 1),
(37, 12, 11),
(38, 12, 14),
(39, 12, 9),
(40, 12, 3),
(41, 12, 6),
(42, 12, 10),
(43, 12, 5),
(44, 12, 17),
(45, 12, 1),
(46, 12, 18),
(47, 13, 14),
(48, 13, 9),
(49, 13, 6),
(50, 13, 12),
(51, 13, 5),
(52, 13, 4),
(53, 13, 8),
(54, 13, 13),
(55, 13, 2),
(56, 13, 1),
(57, 13, 18),
(58, 14, 7),
(59, 14, 1),
(60, 15, 1),
(61, 16, 11),
(62, 16, 10),
(63, 16, 1),
(64, 17, 10),
(65, 17, 1),
(66, 18, 14),
(67, 18, 17),
(68, 19, 11),
(69, 19, 14),
(70, 19, 10),
(71, 19, 1),
(72, 20, 2),
(73, 20, 1),
(74, 21, 11),
(75, 21, 7),
(76, 21, 1),
(77, 22, 11),
(78, 22, 9),
(79, 22, 3),
(80, 22, 6),
(81, 22, 12),
(82, 22, 5),
(83, 22, 1),
(84, 23, 7),
(85, 23, 1),
(86, 24, 1),
(87, 25, 10),
(88, 26, 11),
(89, 26, 14),
(90, 26, 10),
(91, 26, 5),
(92, 26, 4),
(93, 26, 13),
(94, 26, 1),
(95, 27, 11),
(96, 27, 1),
(97, 28, 11),
(98, 28, 10),
(99, 28, 7),
(100, 28, 1),
(101, 29, 5),
(102, 29, 17),
(103, 29, 4),
(104, 30, 14),
(105, 30, 17),
(106, 30, 13),
(107, 30, 1),
(108, 31, 11),
(109, 31, 10),
(110, 31, 17),
(111, 31, 13),
(112, 31, 1),
(113, 32, 17),
(114, 32, 15),
(115, 33, 3),
(116, 33, 1),
(117, 34, 10),
(118, 34, 17),
(119, 34, 13),
(120, 34, 1),
(121, 35, 17),
(122, 35, 1),
(123, 36, 14),
(124, 36, 1),
(125, 37, 11),
(126, 37, 10),
(127, 37, 1),
(128, 38, 1),
(129, 40, 14),
(130, 41, 11),
(131, 41, 14),
(132, 41, 10),
(133, 41, 1),
(134, 42, 3),
(135, 42, 10),
(136, 42, 1),
(137, 43, 14),
(138, 43, 10),
(139, 43, 17),
(140, 43, 1),
(141, 44, 11),
(142, 44, 14),
(143, 44, 9),
(144, 44, 6),
(145, 44, 12),
(146, 44, 5),
(147, 44, 4),
(148, 44, 8),
(149, 44, 13),
(150, 45, 14),
(151, 45, 1),
(152, 46, 14),
(153, 46, 1),
(154, 47, 11),
(155, 47, 14),
(156, 47, 9),
(157, 47, 6),
(158, 47, 12),
(159, 47, 5),
(160, 47, 15),
(161, 47, 4),
(162, 47, 8),
(163, 47, 13),
(164, 47, 1),
(165, 47, 18),
(166, 48, 10),
(167, 48, 5),
(168, 48, 17),
(169, 48, 4),
(170, 48, 13),
(171, 49, 11),
(172, 49, 14),
(173, 49, 6),
(174, 49, 12),
(175, 49, 10),
(176, 49, 5),
(177, 49, 17),
(178, 49, 4),
(179, 49, 8),
(180, 49, 13),
(181, 49, 18),
(182, 50, 11),
(183, 50, 14),
(184, 50, 17),
(185, 50, 15),
(186, 50, 1),
(187, 51, 14),
(188, 52, 14),
(189, 52, 10),
(190, 52, 5),
(191, 52, 17),
(192, 52, 15),
(193, 52, 4),
(194, 52, 13),
(195, 53, 17),
(196, 54, 14),
(197, 54, 3),
(198, 54, 17),
(199, 54, 15),
(200, 54, 1),
(201, 55, 11),
(202, 55, 14),
(203, 55, 3),
(204, 55, 1),
(205, 57, 3),
(206, 57, 7),
(207, 57, 1),
(208, 58, 1),
(209, 60, 7),
(210, 61, 11),
(211, 61, 10),
(212, 61, 1),
(213, 62, 3),
(214, 62, 10),
(215, 62, 2),
(216, 62, 1),
(217, 63, 14),
(218, 63, 10),
(219, 63, 1),
(220, 64, 14),
(221, 64, 15),
(222, 65, 14),
(223, 65, 10),
(224, 65, 5),
(225, 65, 13),
(226, 65, 1),
(227, 72, 11),
(228, 74, 10),
(229, 74, 17),
(230, 74, 1),
(231, 75, 3),
(232, 75, 2),
(233, 75, 1),
(234, 77, 14),
(235, 77, 15),
(236, 77, 1),
(237, 79, 10),
(238, 79, 1),
(239, 80, 11),
(240, 80, 3),
(241, 80, 10),
(242, 80, 7),
(243, 80, 1),
(244, 81, 11),
(245, 81, 14),
(246, 81, 9),
(247, 81, 6),
(248, 81, 12),
(249, 81, 5),
(250, 81, 4),
(251, 81, 13),
(252, 81, 1),
(253, 81, 18),
(254, 82, 11),
(255, 82, 14),
(256, 82, 9),
(257, 82, 6),
(258, 82, 5),
(259, 82, 7),
(260, 82, 4),
(261, 82, 8),
(262, 82, 1),
(263, 82, 18),
(264, 83, 1),
(265, 84, 7),
(266, 84, 1),
(267, 85, 11),
(268, 85, 14),
(269, 85, 9),
(270, 85, 12),
(271, 85, 10),
(272, 85, 5),
(273, 85, 4),
(274, 85, 13),
(275, 85, 1),
(276, 85, 18),
(277, 86, 1),
(278, 87, 11),
(279, 87, 14),
(280, 87, 3),
(281, 87, 13),
(282, 87, 1),
(283, 88, 3),
(284, 88, 10),
(285, 88, 7),
(286, 88, 13),
(287, 88, 1),
(288, 89, 11),
(289, 89, 3),
(290, 89, 1),
(291, 90, 3),
(292, 90, 7),
(293, 91, 11),
(294, 91, 14),
(295, 91, 3),
(296, 91, 6),
(297, 91, 4),
(298, 91, 12),
(299, 91, 5),
(300, 91, 8),
(301, 91, 13),
(302, 91, 2),
(303, 91, 1),
(304, 91, 18),
(305, 92, 10),
(306, 92, 1),
(307, 93, 11),
(308, 93, 1),
(309, 94, 11),
(310, 94, 7),
(311, 95, 13),
(312, 95, 1),
(313, 96, 3),
(314, 96, 10),
(315, 96, 1),
(316, 98, 3),
(317, 98, 1),
(318, 99, 11),
(319, 99, 7),
(320, 99, 1),
(321, 100, 1),
(322, 101, 9),
(323, 101, 3),
(324, 101, 5),
(325, 101, 4),
(326, 101, 1),
(327, 102, 1),
(328, 103, 14),
(329, 103, 10),
(330, 103, 13),
(331, 104, 14),
(332, 104, 13),
(333, 104, 1),
(334, 105, 11),
(335, 105, 14),
(336, 105, 9),
(337, 105, 12),
(338, 105, 5),
(339, 105, 4),
(340, 105, 13),
(341, 106, 14),
(342, 106, 1),
(343, 107, 14),
(344, 107, 13),
(345, 107, 1),
(346, 108, 11),
(347, 108, 14),
(348, 108, 6),
(349, 108, 12),
(350, 108, 10),
(351, 108, 5),
(352, 108, 4),
(353, 108, 8),
(354, 108, 13),
(355, 108, 2),
(356, 108, 1),
(357, 108, 18),
(358, 109, 11),
(359, 109, 14),
(360, 109, 15),
(361, 110, 11),
(362, 110, 14),
(363, 110, 6),
(364, 110, 12),
(365, 110, 10),
(366, 110, 5),
(367, 110, 15),
(368, 110, 4),
(369, 110, 8),
(370, 110, 13),
(371, 110, 1),
(372, 110, 18),
(373, 111, 14),
(374, 111, 10),
(375, 111, 13),
(376, 111, 1),
(377, 112, 11),
(378, 112, 9),
(379, 112, 6),
(380, 112, 12),
(381, 112, 10),
(382, 112, 5),
(383, 112, 4),
(384, 112, 8),
(385, 112, 13),
(386, 112, 1),
(387, 112, 18),
(388, 113, 14),
(389, 113, 9),
(390, 113, 5),
(391, 113, 15),
(392, 113, 13),
(393, 113, 1),
(394, 114, 11),
(395, 114, 14),
(396, 114, 9),
(397, 114, 6),
(398, 114, 12),
(399, 114, 5),
(400, 114, 4),
(401, 114, 13),
(402, 114, 1),
(403, 114, 18),
(404, 115, 5),
(405, 115, 15),
(406, 115, 1),
(407, 116, 11),
(408, 116, 6),
(409, 116, 12),
(410, 116, 5),
(411, 116, 4),
(412, 116, 8),
(413, 116, 13),
(414, 116, 1),
(415, 117, 14),
(416, 117, 5),
(417, 117, 13),
(418, 118, 14),
(419, 118, 1),
(420, 119, 14),
(421, 119, 17),
(422, 120, 14),
(423, 120, 1),
(424, 121, 14),
(425, 121, 6),
(426, 121, 12),
(427, 121, 5),
(428, 121, 4),
(429, 121, 13),
(430, 121, 1),
(431, 121, 18),
(432, 122, 11),
(433, 122, 17),
(434, 122, 1),
(435, 123, 11),
(436, 123, 14),
(437, 123, 9),
(438, 123, 6),
(439, 123, 12),
(440, 123, 5),
(441, 123, 15),
(442, 123, 8),
(443, 123, 13),
(444, 123, 1),
(445, 123, 18),
(446, 124, 14),
(447, 124, 1),
(448, 125, 11),
(449, 125, 14),
(450, 125, 6),
(451, 125, 10),
(452, 125, 5),
(453, 125, 4),
(454, 125, 8),
(455, 125, 1),
(456, 125, 18),
(457, 126, 1),
(458, 127, 11),
(459, 127, 9),
(460, 127, 6),
(461, 127, 10),
(462, 127, 5),
(463, 127, 4),
(464, 127, 1),
(465, 127, 18),
(466, 128, 11),
(467, 128, 9),
(468, 128, 6),
(469, 128, 12),
(470, 128, 5),
(471, 128, 15),
(472, 128, 4),
(473, 128, 8),
(474, 128, 13),
(475, 128, 1),
(476, 128, 18),
(477, 129, 11),
(478, 129, 9),
(479, 129, 6),
(480, 129, 12),
(481, 129, 5),
(482, 129, 15),
(483, 129, 4),
(484, 129, 13),
(485, 129, 2),
(486, 129, 1),
(487, 129, 18),
(488, 130, 14),
(489, 130, 1),
(490, 131, 14),
(491, 131, 10),
(492, 131, 17),
(493, 132, 14),
(494, 132, 15),
(495, 134, 3),
(496, 134, 10),
(497, 135, 11),
(498, 135, 14),
(499, 135, 3),
(500, 135, 10),
(501, 135, 7),
(502, 135, 13),
(503, 135, 1),
(504, 136, 11),
(505, 136, 14),
(506, 136, 9),
(507, 136, 6),
(508, 136, 12),
(509, 136, 5),
(510, 136, 4),
(511, 136, 13),
(512, 136, 1),
(513, 137, 11),
(514, 137, 14),
(515, 137, 9),
(516, 137, 3),
(517, 137, 6),
(518, 137, 12),
(519, 137, 5),
(520, 137, 7),
(521, 137, 4),
(522, 137, 8),
(523, 137, 13),
(524, 137, 18),
(525, 139, 6),
(526, 139, 12),
(527, 139, 5),
(528, 139, 4),
(529, 139, 18),
(530, 140, 11),
(531, 140, 14),
(532, 140, 6),
(533, 140, 12),
(534, 140, 5),
(535, 140, 4),
(536, 140, 8),
(537, 140, 13),
(538, 140, 1),
(539, 140, 18),
(540, 141, 11),
(541, 141, 14),
(542, 141, 6),
(543, 141, 12),
(544, 141, 10),
(545, 141, 5),
(546, 141, 7),
(547, 141, 4),
(548, 141, 13),
(549, 141, 1),
(550, 141, 18),
(551, 142, 11),
(552, 142, 14),
(553, 142, 10),
(554, 142, 1),
(555, 143, 11),
(556, 143, 14),
(557, 144, 13),
(558, 144, 1),
(559, 146, 15),
(560, 146, 1),
(561, 147, 11),
(562, 147, 14),
(563, 147, 9),
(564, 147, 6),
(565, 147, 17),
(566, 147, 4),
(567, 147, 12),
(568, 147, 10),
(569, 147, 5),
(570, 147, 8),
(571, 147, 13),
(572, 147, 2),
(573, 147, 18),
(574, 148, 11),
(575, 148, 10),
(576, 148, 7),
(577, 148, 13),
(578, 148, 1),
(579, 149, 11),
(580, 149, 14),
(581, 149, 10),
(582, 149, 17),
(583, 149, 13),
(584, 150, 11),
(585, 150, 14),
(586, 150, 10),
(587, 150, 17),
(588, 150, 15),
(589, 150, 13),
(590, 150, 1),
(591, 151, 11),
(592, 151, 1),
(593, 152, 11),
(594, 152, 7),
(595, 152, 1),
(596, 153, 11),
(597, 153, 14),
(598, 153, 9),
(599, 153, 12),
(600, 153, 10),
(601, 153, 5),
(602, 153, 4),
(603, 153, 8),
(604, 153, 13),
(605, 154, 14),
(606, 154, 6),
(607, 154, 12),
(608, 154, 5),
(609, 154, 4),
(610, 154, 13),
(611, 154, 1),
(612, 155, 14),
(613, 155, 13),
(614, 155, 1),
(615, 156, 11),
(616, 156, 14),
(617, 156, 9),
(618, 156, 6),
(619, 156, 5),
(620, 156, 4),
(621, 156, 8),
(622, 156, 1),
(623, 156, 18),
(624, 157, 11),
(625, 157, 14),
(626, 157, 12),
(627, 157, 10),
(628, 157, 5),
(629, 157, 4),
(630, 157, 13),
(631, 157, 1),
(632, 158, 14),
(633, 158, 13),
(634, 158, 1),
(635, 159, 11),
(636, 159, 9),
(637, 159, 6),
(638, 159, 10),
(639, 159, 5),
(640, 159, 4),
(641, 159, 8),
(642, 159, 1),
(643, 159, 18),
(644, 160, 11),
(645, 160, 9),
(646, 160, 12),
(647, 160, 5),
(648, 160, 15),
(649, 160, 4),
(650, 160, 8),
(651, 160, 13),
(652, 160, 1),
(653, 160, 18),
(654, 161, 14),
(655, 161, 9),
(656, 161, 10),
(657, 161, 5),
(658, 161, 8),
(659, 161, 13),
(660, 161, 2),
(661, 161, 1),
(662, 162, 11),
(663, 162, 9),
(664, 162, 6),
(665, 162, 10),
(666, 162, 5),
(667, 162, 17),
(668, 162, 15),
(669, 162, 2),
(670, 162, 1),
(671, 162, 18),
(672, 163, 10),
(673, 163, 13),
(674, 163, 1),
(675, 164, 11),
(676, 164, 1),
(677, 165, 11),
(678, 165, 1),
(679, 166, 11),
(680, 166, 14),
(681, 166, 3),
(682, 166, 12),
(683, 166, 5),
(684, 166, 4),
(685, 166, 13),
(686, 166, 1),
(687, 167, 11),
(688, 167, 10),
(689, 167, 13),
(690, 167, 1),
(691, 168, 10),
(692, 168, 17),
(693, 169, 17),
(694, 170, 14),
(695, 170, 17),
(696, 171, 10),
(697, 171, 17),
(698, 171, 1),
(699, 172, 14),
(700, 172, 17),
(701, 172, 13),
(702, 173, 11),
(703, 173, 14),
(704, 173, 10),
(705, 173, 17),
(706, 173, 1),
(707, 174, 10),
(708, 174, 5),
(709, 174, 13),
(710, 174, 1),
(711, 175, 3),
(712, 175, 10),
(713, 175, 13),
(714, 175, 2),
(715, 176, 14),
(716, 176, 7),
(717, 176, 1),
(718, 177, 12),
(719, 177, 10),
(720, 177, 5),
(721, 177, 13),
(722, 177, 1),
(723, 178, 14),
(724, 178, 6),
(725, 178, 5),
(726, 178, 8),
(727, 178, 13),
(728, 178, 1),
(729, 179, 11),
(730, 179, 14),
(731, 179, 6),
(732, 179, 5),
(733, 179, 4),
(734, 179, 13),
(735, 179, 1),
(736, 179, 18),
(737, 180, 14),
(738, 180, 5),
(739, 180, 13),
(740, 180, 1),
(741, 181, 1),
(742, 182, 13),
(743, 182, 1),
(744, 183, 11),
(745, 183, 14),
(746, 183, 6),
(747, 183, 12),
(748, 183, 5),
(749, 183, 4),
(750, 183, 13),
(751, 183, 1),
(752, 183, 18),
(753, 184, 14),
(754, 184, 9),
(755, 184, 10),
(756, 184, 5),
(757, 184, 15),
(758, 184, 2),
(759, 184, 1),
(760, 185, 11),
(761, 185, 14),
(762, 185, 9),
(763, 185, 6),
(764, 185, 10),
(765, 185, 5),
(766, 185, 15),
(767, 185, 8),
(768, 185, 2),
(769, 185, 1),
(770, 185, 18),
(771, 186, 11),
(772, 186, 6),
(773, 186, 5),
(774, 186, 13),
(775, 186, 1),
(776, 186, 18),
(777, 187, 17),
(778, 188, 14),
(779, 188, 10),
(780, 188, 17),
(781, 188, 13),
(782, 189, 1),
(783, 190, 14),
(784, 190, 15),
(785, 190, 13),
(786, 190, 1),
(787, 191, 11),
(788, 191, 14),
(789, 191, 6),
(790, 191, 12),
(791, 191, 5),
(792, 191, 4),
(793, 191, 13),
(794, 191, 18),
(795, 192, 14),
(796, 192, 10),
(797, 192, 17),
(798, 192, 13),
(799, 193, 14),
(800, 194, 14),
(801, 195, 11),
(802, 195, 3),
(803, 195, 10),
(804, 195, 1),
(805, 196, 14),
(806, 196, 10),
(807, 196, 17),
(808, 197, 11),
(809, 197, 14),
(810, 197, 6),
(811, 197, 5),
(812, 197, 17),
(813, 197, 15),
(814, 197, 4),
(815, 197, 13),
(816, 197, 18),
(817, 198, 14),
(818, 198, 10),
(819, 198, 5),
(820, 198, 17),
(821, 198, 15),
(822, 198, 4),
(823, 198, 8),
(824, 198, 13),
(825, 198, 1),
(826, 199, 14),
(827, 199, 10),
(828, 199, 17),
(829, 200, 3),
(830, 200, 17),
(831, 201, 14),
(832, 201, 10),
(833, 201, 1),
(834, 202, 14),
(835, 202, 17),
(836, 202, 2),
(837, 203, 17),
(838, 203, 15),
(839, 203, 2),
(840, 204, 17),
(841, 204, 2),
(842, 205, 17),
(843, 205, 2),
(844, 206, 14),
(845, 206, 7),
(846, 207, 14),
(847, 208, 10),
(848, 208, 17),
(849, 209, 10),
(850, 209, 17),
(851, 210, 14),
(852, 211, 14),
(853, 211, 10),
(854, 211, 17),
(855, 212, 14),
(856, 213, 14),
(857, 213, 17),
(858, 214, 14),
(859, 215, 14),
(860, 215, 17),
(861, 216, 14),
(862, 217, 14),
(863, 217, 17),
(864, 218, 14),
(865, 218, 15),
(866, 219, 14),
(867, 219, 10),
(868, 219, 17),
(869, 220, 14),
(870, 220, 10),
(871, 220, 17),
(872, 221, 14),
(873, 222, 14),
(874, 222, 15),
(875, 223, 14),
(876, 224, 14),
(877, 224, 15),
(878, 225, 14),
(879, 226, 14),
(880, 227, 14),
(881, 227, 15),
(882, 227, 4),
(883, 228, 14),
(884, 229, 14),
(885, 230, 14),
(886, 231, 14),
(887, 231, 15),
(888, 232, 14),
(889, 234, 14),
(890, 236, 14),
(891, 237, 14),
(892, 237, 7),
(893, 237, 17),
(894, 238, 14),
(895, 238, 10),
(896, 239, 14),
(897, 240, 14),
(898, 240, 10),
(899, 241, 14),
(900, 241, 10),
(901, 241, 1),
(902, 242, 14),
(903, 242, 7),
(904, 242, 17),
(905, 243, 14),
(906, 243, 7),
(907, 243, 17),
(908, 243, 15),
(909, 243, 1),
(910, 244, 14),
(911, 244, 10),
(912, 244, 15),
(913, 245, 14),
(914, 245, 10),
(915, 245, 1),
(916, 246, 11),
(917, 246, 14),
(918, 246, 5),
(919, 246, 4),
(920, 247, 10),
(921, 247, 17),
(922, 247, 13),
(923, 248, 11),
(924, 248, 17),
(925, 248, 13),
(926, 249, 14),
(927, 250, 11),
(928, 250, 5),
(929, 250, 13),
(930, 250, 1),
(931, 250, 18),
(932, 251, 14),
(933, 251, 7),
(934, 251, 17),
(935, 251, 1),
(936, 252, 14),
(937, 252, 10),
(938, 253, 14),
(939, 253, 10),
(940, 254, 14),
(941, 254, 10),
(942, 254, 7),
(943, 254, 13),
(944, 254, 1),
(945, 255, 14),
(946, 255, 10),
(947, 255, 1),
(948, 256, 14),
(949, 256, 10),
(950, 257, 14),
(951, 258, 14),
(952, 259, 14),
(953, 259, 10),
(954, 259, 7),
(955, 259, 13),
(956, 259, 1),
(957, 260, 14),
(958, 260, 3),
(959, 260, 5),
(960, 260, 7),
(961, 260, 17),
(962, 260, 13),
(963, 260, 1),
(964, 261, 14),
(965, 261, 10),
(966, 261, 7),
(967, 261, 17),
(968, 261, 13),
(969, 262, 14),
(970, 262, 10),
(971, 262, 15),
(972, 263, 14),
(973, 263, 10),
(974, 263, 7),
(975, 263, 17),
(976, 263, 13),
(977, 264, 14),
(978, 264, 7),
(979, 264, 17),
(980, 264, 1),
(981, 265, 14),
(982, 265, 10),
(983, 265, 1),
(984, 266, 14),
(985, 266, 10),
(986, 266, 7),
(987, 266, 17),
(988, 266, 13),
(989, 266, 1),
(990, 267, 14),
(991, 267, 10),
(992, 267, 7),
(993, 267, 17),
(994, 267, 13),
(995, 268, 14),
(996, 268, 10),
(997, 268, 7),
(998, 268, 17),
(999, 268, 13),
(1000, 269, 14),
(1001, 269, 10),
(1002, 269, 7),
(1003, 269, 17),
(1004, 269, 13),
(1005, 270, 14),
(1006, 270, 10),
(1007, 270, 7),
(1008, 270, 17),
(1009, 270, 13),
(1010, 270, 1),
(1011, 271, 14),
(1012, 271, 3),
(1013, 271, 10),
(1014, 271, 7),
(1015, 271, 17),
(1016, 271, 13),
(1017, 271, 1),
(1018, 272, 14),
(1019, 272, 3),
(1020, 272, 10),
(1021, 272, 7),
(1022, 272, 17),
(1023, 272, 13),
(1024, 272, 1),
(1025, 273, 14),
(1026, 273, 10),
(1027, 273, 7),
(1028, 273, 17),
(1029, 273, 13),
(1030, 273, 1),
(1031, 274, 14),
(1032, 274, 10),
(1033, 274, 7),
(1034, 274, 17),
(1035, 274, 13),
(1036, 275, 14),
(1037, 275, 10),
(1038, 275, 7),
(1039, 275, 17),
(1040, 275, 13),
(1041, 276, 14),
(1042, 276, 10),
(1043, 276, 7),
(1044, 276, 17),
(1045, 276, 13),
(1046, 277, 14),
(1047, 277, 10),
(1048, 277, 7),
(1049, 277, 13),
(1050, 277, 1),
(1051, 278, 14),
(1052, 278, 10),
(1053, 278, 17),
(1054, 278, 13),
(1055, 279, 14),
(1056, 279, 10),
(1057, 279, 7),
(1058, 279, 17),
(1059, 279, 13),
(1060, 280, 14),
(1061, 280, 10),
(1062, 280, 7),
(1063, 280, 17),
(1064, 280, 13),
(1065, 281, 14),
(1066, 281, 3),
(1067, 281, 7),
(1068, 281, 17),
(1069, 281, 13),
(1070, 282, 14),
(1071, 282, 10),
(1072, 282, 7),
(1073, 282, 17),
(1074, 282, 13),
(1075, 283, 14),
(1076, 283, 10),
(1077, 283, 7),
(1078, 283, 17),
(1079, 283, 13),
(1080, 284, 14),
(1081, 284, 10),
(1082, 284, 17),
(1083, 284, 13),
(1084, 285, 14),
(1085, 285, 10),
(1086, 285, 7),
(1087, 285, 17),
(1088, 285, 13),
(1089, 286, 14),
(1090, 286, 10),
(1091, 286, 7),
(1092, 286, 17),
(1093, 286, 13),
(1094, 286, 1),
(1095, 287, 14),
(1096, 287, 3),
(1097, 287, 10),
(1098, 287, 7),
(1099, 287, 17),
(1100, 287, 13),
(1101, 287, 1),
(1102, 288, 14),
(1103, 288, 10),
(1104, 288, 7),
(1105, 288, 17),
(1106, 288, 13),
(1107, 289, 14),
(1108, 289, 10),
(1109, 289, 7),
(1110, 289, 17),
(1111, 289, 13),
(1112, 290, 14),
(1113, 290, 10),
(1114, 290, 7),
(1115, 290, 17),
(1116, 290, 13),
(1117, 291, 14),
(1118, 291, 10),
(1119, 291, 17),
(1120, 291, 13),
(1121, 292, 14),
(1122, 292, 10),
(1123, 292, 7),
(1124, 292, 17),
(1125, 292, 13),
(1126, 293, 3),
(1127, 293, 17),
(1128, 294, 17),
(1129, 295, 11),
(1130, 295, 14),
(1131, 295, 9),
(1132, 295, 6),
(1133, 295, 12),
(1134, 295, 10),
(1135, 295, 5),
(1136, 295, 4),
(1137, 295, 8),
(1138, 295, 2),
(1139, 295, 18),
(1140, 296, 17),
(1141, 297, 17),
(1142, 298, 17),
(1143, 299, 17),
(1144, 300, 17),
(1145, 301, 17),
(1146, 302, 17),
(1147, 303, 17),
(1148, 304, 14),
(1149, 304, 10),
(1150, 305, 14),
(1151, 305, 17),
(1152, 306, 1),
(1153, 307, 1),
(1154, 308, 11),
(1155, 308, 14),
(1156, 308, 6),
(1157, 308, 12),
(1158, 308, 10),
(1159, 308, 5),
(1160, 308, 4),
(1161, 308, 13),
(1162, 308, 1),
(1163, 308, 18),
(1164, 309, 14),
(1165, 309, 10),
(1166, 309, 7),
(1167, 310, 14),
(1168, 310, 10),
(1169, 311, 14),
(1170, 311, 10),
(1171, 312, 14),
(1172, 312, 10),
(1173, 312, 15),
(1174, 313, 14),
(1175, 313, 7),
(1176, 313, 17),
(1177, 314, 14),
(1178, 314, 10),
(1179, 315, 15),
(1180, 316, 14),
(1181, 317, 14),
(1182, 317, 10),
(1183, 318, 14),
(1184, 318, 10),
(1185, 319, 14),
(1186, 319, 10),
(1187, 319, 15),
(1188, 320, 14),
(1189, 320, 10),
(1190, 321, 14),
(1191, 321, 7),
(1192, 321, 17),
(1193, 322, 14),
(1194, 322, 10),
(1195, 323, 14),
(1196, 323, 7),
(1197, 324, 19),
(1198, 324, 17),
(1199, 324, 13),
(1200, 325, 17),
(1201, 326, 10),
(1202, 326, 17),
(1203, 327, 10),
(1204, 327, 17),
(1205, 328, 17),
(1206, 330, 14),
(1207, 331, 14),
(1208, 332, 14),
(1209, 332, 10),
(1210, 332, 17),
(1211, 332, 13),
(1212, 332, 1),
(1213, 333, 17),
(1214, 335, 14),
(1215, 335, 10),
(1216, 335, 17),
(1217, 335, 13),
(1218, 336, 14),
(1219, 336, 10),
(1220, 336, 17),
(1221, 336, 13),
(1222, 337, 14),
(1223, 337, 19),
(1224, 337, 10),
(1225, 337, 17),
(1226, 337, 13),
(1227, 337, 1),
(1228, 338, 14),
(1229, 338, 10),
(1230, 338, 17),
(1231, 338, 13),
(1232, 339, 14),
(1233, 339, 10),
(1234, 339, 17),
(1235, 339, 13),
(1236, 339, 1),
(1237, 340, 14),
(1238, 340, 10),
(1239, 340, 17),
(1240, 340, 13),
(1241, 340, 1),
(1242, 341, 14),
(1243, 341, 19),
(1244, 341, 10),
(1245, 341, 17),
(1246, 341, 13),
(1247, 341, 1),
(1248, 342, 14),
(1249, 342, 10),
(1250, 342, 17),
(1251, 342, 13),
(1252, 342, 1),
(1253, 344, 14),
(1254, 344, 10),
(1255, 344, 1);

-- --------------------------------------------------------

--
-- Table structure for table `stations_transfers`
--

CREATE TABLE IF NOT EXISTS `stations_transfers` (
  `id` int(11) NOT NULL AUTO_INCREMENT,
  `station_id` int(11) NOT NULL,
  `station_to_id` int(11) DEFAULT NULL,
  `type` enum('mcc','mcd','metro','ground') NOT NULL,
  `name` varchar(255) DEFAULT NULL,
  `code` varchar(50) DEFAULT NULL,
  `icon` varchar(500) DEFAULT NULL,
  PRIMARY KEY (`id`),
  UNIQUE KEY `station_id_2` (`station_id`,`station_to_id`),
  KEY `station_id` (`station_id`),
  KEY `station_to_id` (`station_to_id`)
) ENGINE=InnoDB  DEFAULT CHARSET=utf8 AUTO_INCREMENT=233 ;

--
-- Dumping data for table `stations_transfers`
--

INSERT INTO `stations_transfers` (`id`, `station_id`, `station_to_id`, `type`, `name`, `code`, `icon`) VALUES
(1, 20, 6, 'metro', '', NULL, ''),
(2, 6, 20, 'metro', '', NULL, ''),
(3, 21, 62, 'metro', '', NULL, ''),
(4, 62, 21, 'metro', '', NULL, ''),
(5, 21, 80, 'metro', '', NULL, ''),
(6, 80, 21, 'metro', '', NULL, ''),
(7, 53, 67, 'metro', '', NULL, ''),
(8, 67, 53, 'metro', '', NULL, ''),
(9, 55, 76, 'metro', '', NULL, ''),
(10, 76, 55, 'metro', '', NULL, ''),
(11, 62, 80, 'metro', '', NULL, ''),
(12, 80, 62, 'metro', '', NULL, ''),
(13, 63, 88, 'metro', '', NULL, ''),
(14, 88, 63, 'metro', '', NULL, ''),
(15, 17, 175, 'metro', '', NULL, ''),
(16, 175, 17, 'metro', '', NULL, ''),
(17, 17, 87, 'metro', '', NULL, ''),
(18, 87, 17, 'metro', '', NULL, ''),
(19, 19, 195, 'metro', '', NULL, ''),
(20, 195, 19, 'metro', '', NULL, ''),
(21, 23, 96, 'metro', '', NULL, ''),
(22, 96, 23, 'metro', '', NULL, ''),
(23, 307, 101, 'metro', '', NULL, ''),
(24, 101, 307, 'metro', '', NULL, ''),
(25, 40, 135, 'metro', '', NULL, ''),
(26, 135, 40, 'metro', '', NULL, ''),
(27, 40, 151, 'metro', '', NULL, ''),
(28, 151, 40, 'metro', '', NULL, ''),
(29, 6, 57, 'metro', '', NULL, ''),
(30, 57, 6, 'metro', '', NULL, ''),
(31, 41, 94, 'metro', '', NULL, ''),
(32, 94, 41, 'metro', '', NULL, ''),
(33, 41, 167, 'metro', '', NULL, ''),
(34, 167, 41, 'metro', '', NULL, ''),
(35, 42, 92, 'metro', '', NULL, ''),
(36, 92, 42, 'metro', '', NULL, ''),
(37, 130, 198, 'metro', '', NULL, ''),
(38, 198, 130, 'metro', '', NULL, ''),
(39, 309, 248, 'metro', '', NULL, ''),
(40, 248, 309, 'metro', '', NULL, ''),
(41, 55, 98, 'metro', '', NULL, ''),
(42, 98, 55, 'metro', '', NULL, ''),
(43, 62, 152, 'metro', '', NULL, ''),
(44, 152, 62, 'metro', '', NULL, ''),
(45, 3, 89, 'metro', '', NULL, ''),
(46, 89, 3, 'metro', '', NULL, ''),
(47, 72, 271, 'metro', '', NULL, ''),
(48, 271, 72, 'metro', '', NULL, ''),
(49, 76, 98, 'metro', '', NULL, ''),
(50, 98, 76, 'metro', '', NULL, ''),
(51, 84, 86, 'metro', '', NULL, ''),
(52, 86, 84, 'metro', '', NULL, ''),
(53, 87, 175, 'metro', '', NULL, ''),
(54, 175, 87, 'metro', '', NULL, ''),
(55, 134, 99, 'metro', '', NULL, ''),
(56, 99, 134, 'metro', '', NULL, ''),
(57, 135, 151, 'metro', '', NULL, ''),
(58, 151, 135, 'metro', '', NULL, ''),
(59, 138, 90, 'metro', '', NULL, ''),
(60, 90, 138, 'metro', '', NULL, ''),
(61, 138, 166, 'metro', '', NULL, ''),
(62, 166, 138, 'metro', '', NULL, ''),
(63, 91, 137, 'metro', '', NULL, ''),
(64, 137, 91, 'metro', '', NULL, ''),
(65, 140, 178, 'metro', '', NULL, ''),
(66, 178, 140, 'metro', '', NULL, ''),
(67, 147, 300, 'metro', '', NULL, ''),
(68, 300, 147, 'metro', '', NULL, ''),
(69, 94, 167, 'metro', '', NULL, ''),
(70, 167, 94, 'metro', '', NULL, ''),
(71, 97, 95, 'metro', '', NULL, ''),
(72, 95, 97, 'metro', '', NULL, ''),
(73, 165, 177, 'metro', '', NULL, ''),
(74, 177, 165, 'metro', '', NULL, ''),
(75, 166, 90, 'metro', '', NULL, ''),
(76, 90, 166, 'metro', '', NULL, ''),
(77, 111, 199, 'metro', '', NULL, ''),
(78, 199, 111, 'metro', '', NULL, ''),
(79, 176, 89, 'metro', '', NULL, ''),
(80, 89, 176, 'metro', '', NULL, ''),
(81, 141, 102, 'metro', '', NULL, ''),
(82, 102, 141, 'metro', '', NULL, ''),
(83, 148, 174, 'metro', '', NULL, ''),
(84, 174, 148, 'metro', '', NULL, ''),
(85, 152, 21, 'metro', '', NULL, ''),
(86, 21, 152, 'metro', '', NULL, ''),
(87, 154, 93, 'metro', '', NULL, ''),
(88, 93, 154, 'metro', '', NULL, ''),
(89, 185, 201, 'metro', '', NULL, ''),
(90, 201, 185, 'metro', '', NULL, ''),
(91, 139, 225, 'metro', '', NULL, ''),
(92, 225, 139, 'metro', '', NULL, ''),
(93, 3, 176, 'metro', '', NULL, ''),
(94, 176, 3, 'metro', '', NULL, ''),
(95, 53, 231, 'metro', '', NULL, ''),
(96, 231, 53, 'metro', '', NULL, ''),
(97, 118, 188, 'metro', '', NULL, ''),
(98, 188, 118, 'metro', '', NULL, ''),
(99, 124, 292, 'metro', '', NULL, ''),
(100, 292, 124, 'metro', '', NULL, ''),
(101, 121, 288, 'metro', '', NULL, ''),
(102, 288, 121, 'metro', '', NULL, ''),
(103, 24, 270, 'metro', '', NULL, ''),
(104, 270, 24, 'metro', '', NULL, ''),
(105, 189, 266, 'metro', '', NULL, ''),
(106, 266, 189, 'metro', '', NULL, ''),
(107, 22, 284, 'metro', '', NULL, ''),
(108, 284, 22, 'metro', '', NULL, ''),
(109, 75, 196, 'metro', '', NULL, ''),
(110, 196, 75, 'metro', '', NULL, ''),
(111, 45, 334, 'metro', '', NULL, ''),
(112, 334, 45, 'metro', '', NULL, ''),
(113, 128, 224, 'metro', '', NULL, ''),
(114, 224, 128, 'metro', '', NULL, ''),
(115, 47, 315, 'metro', '', NULL, ''),
(116, 315, 47, 'metro', '', NULL, ''),
(117, 164, 297, 'metro', '', NULL, ''),
(118, 297, 164, 'metro', '', NULL, ''),
(119, 101, 226, 'metro', '', NULL, ''),
(120, 226, 101, 'metro', '', NULL, ''),
(121, 307, 226, 'metro', '', NULL, ''),
(122, 226, 307, 'metro', '', NULL, ''),
(123, 182, 193, 'metro', '', NULL, ''),
(124, 193, 182, 'metro', '', NULL, ''),
(125, 117, 245, 'metro', '', NULL, ''),
(126, 245, 117, 'metro', '', NULL, ''),
(127, 324, 139, 'metro', '', NULL, ''),
(128, 139, 324, 'metro', '', NULL, ''),
(129, 122, 327, 'metro', '', NULL, ''),
(130, 327, 122, 'metro', '', NULL, ''),
(131, 327, 273, 'metro', '', NULL, ''),
(132, 273, 327, 'metro', '', NULL, ''),
(133, 211, 338, 'metro', '', NULL, ''),
(134, 338, 211, 'metro', '', NULL, ''),
(135, 50, 243, 'metro', '', NULL, ''),
(136, 243, 50, 'metro', '', NULL, ''),
(137, 187, 223, 'metro', '', NULL, ''),
(138, 223, 187, 'metro', '', NULL, ''),
(139, 67, 231, 'metro', '', NULL, ''),
(140, 231, 67, 'metro', '', NULL, ''),
(141, 181, 310, 'metro', '', NULL, ''),
(142, 310, 181, 'metro', '', NULL, ''),
(143, 54, 230, 'metro', '', NULL, ''),
(144, 230, 54, 'metro', '', NULL, ''),
(145, 328, 228, 'metro', '', NULL, ''),
(146, 228, 328, 'metro', '', NULL, ''),
(147, 324, 225, 'metro', '', NULL, ''),
(148, 225, 324, 'metro', '', NULL, ''),
(149, 142, 282, 'metro', '', NULL, ''),
(150, 282, 142, 'metro', '', NULL, ''),
(151, 74, 272, 'metro', '', NULL, ''),
(152, 272, 74, 'metro', '', NULL, ''),
(153, 328, 287, 'metro', '', NULL, ''),
(154, 287, 328, 'metro', '', NULL, ''),
(155, 180, 283, 'metro', '', NULL, ''),
(156, 283, 180, 'metro', '', NULL, ''),
(157, 293, 281, 'metro', '', NULL, ''),
(158, 281, 293, 'metro', '', NULL, ''),
(159, 75, 333, 'metro', '', NULL, ''),
(160, 333, 75, 'metro', '', NULL, ''),
(161, 196, 333, 'metro', '', NULL, ''),
(162, 333, 196, 'metro', '', NULL, ''),
(163, 74, 228, 'metro', '', NULL, ''),
(164, 228, 74, 'metro', '', NULL, ''),
(165, 59, 329, 'metro', '', NULL, ''),
(166, 329, 59, 'metro', '', NULL, ''),
(167, 325, 39, 'metro', '', NULL, ''),
(168, 39, 325, 'metro', '', NULL, ''),
(169, 75, 228, 'metro', '', NULL, ''),
(170, 228, 75, 'metro', '', NULL, ''),
(171, 120, 257, 'metro', '', NULL, ''),
(172, 257, 120, 'metro', '', NULL, ''),
(173, 89, 260, 'metro', '', NULL, ''),
(174, 260, 89, 'metro', '', NULL, ''),
(175, 295, 251, 'metro', '', NULL, ''),
(176, 251, 295, 'metro', '', NULL, ''),
(177, 177, 304, 'metro', '', NULL, ''),
(178, 304, 177, 'metro', '', NULL, ''),
(179, 165, 304, 'metro', '', NULL, ''),
(180, 304, 165, 'metro', '', NULL, ''),
(181, 11, 261, 'metro', '', NULL, ''),
(182, 261, 11, 'metro', '', NULL, ''),
(183, 122, 273, 'metro', '', NULL, ''),
(184, 273, 122, 'metro', '', NULL, ''),
(185, 126, 256, 'metro', '', NULL, ''),
(186, 256, 126, 'metro', '', NULL, ''),
(187, 71, 229, 'metro', '', NULL, ''),
(188, 229, 71, 'metro', '', NULL, ''),
(189, 267, 264, 'metro', '', NULL, ''),
(190, 264, 267, 'metro', '', NULL, ''),
(191, 251, 274, 'metro', '', NULL, ''),
(192, 274, 251, 'metro', '', NULL, ''),
(193, 123, 227, 'metro', '', NULL, ''),
(194, 227, 123, 'metro', '', NULL, ''),
(195, 156, 286, 'metro', '', NULL, ''),
(196, 286, 156, 'metro', '', NULL, ''),
(197, 121, 289, 'metro', '', NULL, ''),
(198, 289, 121, 'metro', '', NULL, ''),
(199, 12, 278, 'metro', '', NULL, ''),
(200, 278, 12, 'metro', '', NULL, ''),
(201, 143, 265, 'metro', '', NULL, ''),
(202, 265, 143, 'metro', '', NULL, ''),
(203, 179, 283, 'metro', '', NULL, ''),
(204, 283, 179, 'metro', '', NULL, ''),
(205, 106, 336, 'metro', '', NULL, ''),
(206, 336, 106, 'metro', '', NULL, ''),
(207, 4, 337, 'metro', '', NULL, ''),
(208, 337, 4, 'metro', '', NULL, ''),
(209, 61, 263, 'metro', '', NULL, ''),
(210, 263, 61, 'metro', '', NULL, ''),
(211, 136, 255, 'metro', '', NULL, ''),
(212, 255, 136, 'metro', '', NULL, ''),
(213, 125, 254, 'metro', '', NULL, ''),
(214, 254, 125, 'metro', '', NULL, ''),
(215, 133, 269, 'metro', '', NULL, ''),
(216, 269, 133, 'metro', '', NULL, ''),
(217, 63, 344, 'metro', '', NULL, ''),
(218, 344, 63, 'metro', '', NULL, ''),
(219, 295, 290, 'metro', '', NULL, ''),
(220, 290, 295, 'metro', '', NULL, ''),
(221, 341, 231, 'metro', '', NULL, ''),
(222, 231, 341, 'metro', '', NULL, ''),
(223, 53, 341, 'metro', '', NULL, ''),
(224, 341, 53, 'metro', '', NULL, ''),
(225, 67, 341, 'metro', '', NULL, ''),
(226, 341, 67, 'metro', '', NULL, ''),
(227, 181, 343, 'metro', '', NULL, ''),
(228, 343, 181, 'metro', '', NULL, ''),
(229, 291, 223, 'metro', '', NULL, ''),
(230, 223, 291, 'metro', '', NULL, ''),
(231, 187, 291, 'metro', '', NULL, ''),
(232, 291, 187, 'metro', '', NULL, '');

-- --------------------------------------------------------

--
-- Table structure for table `stations_translation`
--

CREATE TABLE IF NOT EXISTS `stations_translation` (
  `id` int(11) NOT NULL AUTO_INCREMENT,
  `station_id` int(11) NOT NULL,
  `language_id` int(11) NOT NULL,
  `value` varchar(255) NOT NULL,
  PRIMARY KEY (`id`),
  KEY `station_id` (`station_id`)
) ENGINE=InnoDB  DEFAULT CHARSET=utf8 AUTO_INCREMENT=687 ;

--
-- Dumping data for table `stations_translation`
--

INSERT INTO `stations_translation` (`id`, `station_id`, `language_id`, `value`) VALUES
(3, 3, 1, 'Курская'),
(4, 3, 2, 'Kurskaya'),
(5, 4, 1, 'Проспект Вернадского'),
(6, 4, 2, 'Prospekt Vernadskogo'),
(7, 5, 1, 'Коммунарка'),
(8, 5, 2, 'Kommunarka'),
(9, 6, 1, 'Театральная'),
(10, 6, 2, 'Teatralnaya'),
(11, 7, 1, 'Сокол'),
(12, 7, 2, 'Sokol'),
(13, 8, 1, 'Прокшино '),
(14, 8, 2, 'Prokshino'),
(15, 9, 1, 'Маяковская'),
(16, 9, 2, 'Mayakovskaya'),
(17, 10, 1, 'Орехово'),
(18, 10, 2, 'Orekhovo'),
(19, 11, 1, 'Бульвар Рокоссовского'),
(20, 11, 2, 'Bulvar Rokossovskogo'),
(21, 12, 1, 'Черкизовская'),
(22, 12, 2, 'Cherkizovskaya'),
(23, 13, 1, 'Преображенская площадь'),
(24, 13, 2, 'Preobrazhenskaya Ploschad'),
(25, 14, 1, 'Сокольники'),
(26, 14, 2, 'Sokolniki'),
(27, 15, 1, 'Красносельская'),
(28, 15, 2, 'Krasnoselskaya'),
(29, 16, 1, 'Красные Ворота'),
(30, 16, 2, 'Krasniye Vorota'),
(31, 17, 1, 'Чистые пруды'),
(32, 17, 2, 'Chistiye prudi'),
(33, 18, 1, 'Ольховая'),
(34, 18, 2, 'Olkhovaya'),
(35, 19, 1, 'Лубянка'),
(36, 19, 2, 'Lubyanka'),
(37, 20, 1, 'Охотный Ряд'),
(38, 20, 2, 'Okhotny Ryad'),
(39, 21, 1, 'Библиотека им. Ленина'),
(40, 21, 2, 'Biblioteka Imeni Lenina'),
(41, 22, 1, 'Автозаводская'),
(42, 22, 2, 'Avtozavodskaya'),
(43, 23, 1, 'Парк культуры'),
(44, 23, 2, 'Park Kultury'),
(45, 24, 1, 'Спортивная'),
(46, 24, 2, 'Sportivnaya'),
(47, 25, 1, 'Воробьёвы горы'),
(48, 25, 2, 'Vorobyovy Gory'),
(49, 26, 1, 'Юго-Западная'),
(50, 26, 2, 'Yugo-Zapadnaya'),
(51, 27, 1, 'Университет'),
(52, 27, 2, 'Universitet'),
(53, 28, 1, 'Кропоткинская'),
(54, 28, 2, 'Kropotkinskaya'),
(55, 29, 1, 'Тропарёво'),
(56, 29, 2, 'Troparevo'),
(57, 30, 1, 'Румянцево'),
(58, 30, 2, 'Rumyantsevo'),
(59, 31, 1, 'Саларьево'),
(60, 31, 2, 'Salaryevo'),
(61, 32, 1, 'Филатов Луг'),
(62, 32, 2, 'Filatov Lug'),
(63, 33, 1, 'Молодёжная'),
(64, 33, 2, 'Molodezhnaya'),
(65, 34, 1, 'Ховрино'),
(66, 34, 2, 'Khovrino'),
(67, 35, 1, 'Беломорская'),
(68, 35, 2, 'Belomorskaya'),
(69, 36, 1, 'Речной вокзал'),
(70, 36, 2, 'Rechnoy Vokzal'),
(71, 37, 1, 'Водный стадион'),
(72, 37, 2, 'Vodniy Stadion'),
(73, 38, 1, 'Аэропорт'),
(74, 38, 2, 'Aeroport'),
(75, 39, 1, 'Динамо'),
(76, 39, 2, 'Dinamo'),
(77, 40, 1, 'Тверская'),
(78, 40, 2, 'Tverskaya'),
(79, 41, 1, 'Новокузнецкая'),
(80, 41, 2, 'Novokuznetskaya'),
(81, 42, 1, 'Павелецкая'),
(82, 42, 2, 'Paveletskaya'),
(83, 43, 1, 'Технопарк'),
(84, 43, 2, 'Tekhnopark'),
(85, 44, 1, 'Коломенская'),
(86, 44, 2, 'Kolomenskaya'),
(87, 45, 1, 'Каширская'),
(88, 45, 2, 'Kashirskaya'),
(89, 46, 1, 'Кантемировская'),
(90, 46, 2, 'Kantemirovskaya'),
(91, 47, 1, 'Царицыно'),
(92, 47, 2, 'Tsaritsyno'),
(93, 48, 1, 'Пятницкое шоссе'),
(94, 48, 2, 'Pyatnitskoe Shosse'),
(95, 49, 1, 'Митино'),
(96, 49, 2, 'Mitino'),
(97, 50, 1, 'Волоколамская'),
(98, 50, 2, 'Volokolamskaya'),
(99, 51, 1, 'Мякинино'),
(100, 51, 2, 'Myakinino'),
(101, 52, 1, 'Строгино'),
(102, 52, 2, 'Strogino'),
(103, 53, 1, 'Кунцевская'),
(104, 53, 2, 'Kuntsevskaya'),
(105, 54, 1, 'Славянский бульвар'),
(106, 54, 2, 'Slavyanskiy Bulvar'),
(107, 55, 1, 'Киевская'),
(108, 55, 2, 'Kievskaya'),
(109, 56, 1, 'Смоленская'),
(110, 56, 2, 'Smolenskaya'),
(111, 57, 1, 'Площадь Революции '),
(112, 57, 2, 'Ploschad Revolyutsii'),
(113, 58, 1, 'Бауманская'),
(114, 58, 2, 'Baumanskaya'),
(115, 59, 1, 'Электрозаводская'),
(116, 59, 2, 'Elektrozavodskaya'),
(117, 60, 1, 'Семёновская'),
(118, 60, 2, 'Semenovskaya'),
(119, 61, 1, 'Партизанская'),
(120, 61, 2, 'Partizanskaya'),
(121, 62, 1, 'Арбатская'),
(122, 62, 2, 'Arbatskaya'),
(123, 63, 1, 'Комсомольская'),
(124, 63, 2, 'Komsomolskaya'),
(125, 64, 1, 'Измайловская'),
(126, 64, 2, 'Izmaylovskaya'),
(127, 65, 1, 'Первомайская'),
(128, 65, 2, 'Pervomayskaya'),
(129, 66, 1, 'Щёлковская'),
(130, 66, 2, 'Schelkovskaya'),
(131, 67, 1, 'Кунцевская'),
(132, 67, 2, 'Kuntsevskaya'),
(133, 68, 1, 'Пионерская'),
(134, 68, 2, 'Pionerskaya'),
(135, 69, 1, 'Филёвский парк'),
(136, 69, 2, 'Filevsky Park'),
(137, 70, 1, 'Багратионовская'),
(138, 70, 2, 'Bagrationovskaya'),
(139, 71, 1, 'Фили'),
(140, 71, 2, 'Fili'),
(141, 72, 1, 'Кутузовская'),
(142, 72, 2, 'Kutuzovskaya'),
(143, 73, 1, 'Студенческая'),
(144, 73, 2, 'Studencheskaya'),
(145, 74, 1, 'Международная'),
(146, 74, 2, 'Mezhdunarodnaya'),
(147, 75, 1, 'Выставочная'),
(148, 75, 2, 'Vystavochnaya'),
(149, 76, 1, 'Киевская'),
(150, 76, 2, 'Kievskaya'),
(151, 77, 1, 'Бабушкинская'),
(152, 77, 2, 'Babushkinskaya'),
(153, 78, 1, 'Смоленская'),
(154, 78, 2, 'Smolenskaya'),
(155, 79, 1, 'Арбатская'),
(156, 79, 2, 'Arbatskaya'),
(157, 80, 1, 'Александровский сад'),
(158, 80, 2, 'Aleksandrovsky Sad'),
(159, 81, 1, 'Свиблово'),
(160, 81, 2, 'Sviblovo'),
(161, 82, 1, 'ВДНХ'),
(162, 82, 2, 'VDNKha'),
(163, 83, 1, 'Алексеевская'),
(164, 83, 2, 'Alekseevskaya'),
(165, 84, 1, 'Проспект Мира'),
(166, 84, 2, 'Prospekt Mira'),
(167, 85, 1, 'Сухаревская'),
(168, 85, 2, 'Sukharevskaya'),
(169, 86, 1, 'Проспект Мира'),
(170, 86, 2, 'Prospekt Mira'),
(171, 87, 1, 'Тургеневская'),
(172, 87, 2, 'Turgenevskaya'),
(173, 88, 1, 'Комсомольская'),
(174, 88, 2, 'Komsomolskaya'),
(175, 89, 1, 'Курская'),
(176, 89, 2, 'Kurskaya'),
(177, 90, 1, 'Таганская'),
(178, 90, 2, 'Taganskaya'),
(179, 91, 1, 'Китай-город'),
(180, 91, 2, 'Kitay-gorod'),
(181, 92, 1, 'Павелецкая'),
(182, 92, 2, 'Paveletskaya'),
(183, 93, 1, 'Добрынинская'),
(184, 93, 2, 'Dobryninskaya'),
(185, 94, 1, 'Третьяковская'),
(186, 94, 2, 'Tretyakovskaya'),
(187, 95, 1, 'Октябрьская'),
(188, 95, 2, 'Oktyabrskaya'),
(189, 96, 1, 'Парк культуры'),
(190, 96, 2, 'Park Kultury'),
(191, 97, 1, 'Октябрьская'),
(192, 97, 2, 'Oktyabrskaya'),
(193, 98, 1, 'Киевская'),
(194, 98, 2, 'Kievskaya'),
(195, 99, 1, 'Краснопресненская'),
(196, 99, 2, 'Krasnopresnenskaya'),
(197, 100, 1, 'Шаболовская'),
(198, 100, 2, 'Shabolovskaya'),
(199, 101, 1, 'Белорусская'),
(200, 101, 2, 'Belorusskaya'),
(201, 102, 1, 'Новослободская'),
(202, 102, 2, 'Novoslobodskaya'),
(203, 103, 1, 'Академическая'),
(204, 103, 2, 'Akademicheskaya'),
(205, 104, 1, 'Профсоюзная'),
(206, 104, 2, 'Profsoyuznaya'),
(207, 105, 1, 'Новые Черёмушки'),
(208, 105, 2, 'Novie Cheryomushki'),
(209, 106, 1, 'Калужская'),
(210, 106, 2, 'Kaluzhskaya'),
(211, 107, 1, 'Беляево'),
(212, 107, 2, 'Belyaevo'),
(213, 108, 1, 'Коньково'),
(214, 108, 2, 'Konkovo'),
(215, 109, 1, 'Тёплый Стан'),
(216, 109, 2, 'Tyopliy Stan'),
(217, 110, 1, 'Ясенево'),
(218, 110, 2, 'Yasenevo'),
(219, 111, 1, 'Новоясеневская'),
(220, 111, 2, 'Novoyasenevskaya'),
(221, 112, 1, 'Алтуфьево'),
(222, 112, 2, 'Altufyevo'),
(223, 113, 1, 'Бибирево'),
(224, 113, 2, 'Bibirevo'),
(225, 114, 1, 'Отрадное'),
(226, 114, 2, 'Otradnoe'),
(227, 115, 1, 'Планерная'),
(228, 115, 2, 'Planernaya'),
(229, 116, 1, 'Сходненская'),
(230, 116, 2, 'Skhodnenskaya'),
(231, 117, 1, 'Тушинская'),
(232, 117, 2, 'Tushinskaya'),
(233, 118, 1, 'Петровско-Разумовская'),
(234, 118, 2, 'Petrovsko-Razumovskaya'),
(235, 119, 1, 'Спартак'),
(236, 119, 2, 'Spartak'),
(237, 120, 1, 'Щукинская'),
(238, 120, 2, 'Schukinskaya'),
(239, 121, 1, 'Октябрьское поле'),
(240, 121, 2, 'Oktyabrskoe Pole'),
(241, 122, 1, 'Полежаевская'),
(242, 122, 2, 'Polezhaevskaya'),
(243, 123, 1, 'Беговая'),
(244, 123, 2, 'Begovaya'),
(245, 124, 1, 'Владыкино'),
(246, 124, 2, 'Vladykino'),
(247, 125, 1, 'Ботанический сад'),
(248, 125, 2, 'Botanicheskiy Sad'),
(249, 126, 1, 'Рижская'),
(250, 126, 2, 'Rizhskaya'),
(251, 127, 1, 'Улица 1905 года'),
(252, 127, 2, 'Ulitsa 1905 Goda'),
(253, 128, 1, 'Тимирязевская'),
(254, 128, 2, 'Timiryazevskaya'),
(255, 129, 1, 'Домодедовская'),
(256, 129, 2, 'Domodedovskaya'),
(257, 130, 1, 'Красногвардейская'),
(258, 130, 2, 'Krasnogvardeyskaya'),
(259, 131, 1, 'Алма-Атинская'),
(260, 131, 2, 'Alma-Atinskaya'),
(261, 132, 1, 'Медведково'),
(262, 132, 2, 'Medvedkovo'),
(263, 133, 1, 'Ленинский проспект'),
(264, 133, 2, 'Leninskiy prospekt'),
(265, 134, 1, 'Баррикадная'),
(266, 134, 2, 'Barrikadnaya'),
(267, 135, 1, 'Пушкинская'),
(268, 135, 2, 'Pushkinskaya'),
(269, 136, 1, 'Дмитровская'),
(270, 136, 2, 'Dmitrovskaya'),
(271, 137, 1, 'Китай-город'),
(272, 137, 2, 'Kitay-gorod'),
(273, 138, 1, 'Таганская'),
(274, 138, 2, 'Taganskaya'),
(275, 139, 1, 'Савёловская'),
(276, 139, 2, 'Savyolovskaya'),
(277, 140, 1, 'Пролетарская'),
(278, 140, 2, 'Proletarskaya'),
(279, 141, 1, 'Менделеевская'),
(280, 141, 2, 'Mendeleevskaya'),
(281, 142, 1, 'Волгоградский проспект'),
(282, 142, 2, 'Volgogradsky Prospekt'),
(283, 143, 1, 'Текстильщики'),
(284, 143, 2, 'Tekstilschiki'),
(285, 144, 1, 'Кузьминки'),
(286, 144, 2, 'Kuzminki'),
(287, 145, 1, 'Рязанский проспект '),
(288, 145, 2, 'Ryazanskiy Prospekt'),
(289, 146, 1, 'Выхино'),
(290, 146, 2, 'Vykhino'),
(291, 147, 1, 'Лермонтовский проспект'),
(292, 147, 2, 'Lermontovsky Prospekt'),
(293, 148, 1, 'Цветной бульвар'),
(294, 148, 2, 'Tsvetnoy Bulvar'),
(295, 149, 1, 'Жулебино'),
(296, 149, 2, 'Zhulebino'),
(297, 150, 1, 'Котельники'),
(298, 150, 2, 'Kotelniki'),
(299, 151, 1, 'Чеховская'),
(300, 151, 2, 'Chekhovskaya'),
(301, 152, 1, 'Боровицкая'),
(302, 152, 2, 'Borovitskaya'),
(303, 153, 1, 'Полянка'),
(304, 153, 2, 'Polyanka'),
(305, 154, 1, 'Серпуховская'),
(306, 154, 2, 'Serpukhovskaya'),
(307, 155, 1, 'Тульская'),
(308, 155, 2, 'Tulskaya'),
(309, 156, 1, 'Нагатинская'),
(310, 156, 2, 'Nagatinskaya'),
(311, 157, 1, 'Нагорная'),
(312, 157, 2, 'Nagornaya'),
(313, 158, 1, 'Нахимовский проспект'),
(314, 158, 2, 'Nakhimovskiy prospekt'),
(315, 159, 1, 'Чертановская'),
(316, 159, 2, 'Chertanovskaya'),
(317, 160, 1, 'Пражская'),
(318, 160, 2, 'Prazhskaya'),
(319, 161, 1, 'Улица Академика Янгеля'),
(320, 161, 2, 'Ulitsa Akademika Yangelya'),
(321, 162, 1, 'Новокосино'),
(322, 162, 2, 'Novokosino'),
(323, 163, 1, 'Перово'),
(324, 163, 2, 'Perovo'),
(325, 164, 1, 'Авиамоторная'),
(326, 164, 2, 'Aviamotornaya'),
(327, 165, 1, 'Площадь Ильича'),
(328, 165, 2, 'Ploschad Ilyicha'),
(329, 166, 1, 'Марксистская'),
(330, 166, 2, 'Marksistskaya'),
(331, 167, 1, 'Третьяковская'),
(332, 167, 2, 'Tretyakovskaya'),
(333, 168, 1, 'Селигерская'),
(334, 168, 2, 'Seligerskaya'),
(335, 169, 1, 'Верхние Лихоборы'),
(336, 169, 2, 'Verkhnie Likhobory'),
(337, 170, 1, 'Фонвизинская'),
(338, 170, 2, 'Fonvizinskaya'),
(339, 171, 1, 'Бутырская'),
(340, 171, 2, 'Butyrskaya'),
(341, 172, 1, 'Марьина Роща'),
(342, 172, 2, 'Maryina Roscha'),
(343, 173, 1, 'Достоевская'),
(344, 173, 2, 'Dostoevskaya'),
(345, 174, 1, 'Трубная'),
(346, 174, 2, 'Trubnaya'),
(347, 175, 1, 'Сретенский бульвар'),
(348, 175, 2, 'Sretenskiy bulvar'),
(349, 176, 1, 'Чкаловская'),
(350, 176, 2, 'Chkalovskaya'),
(351, 177, 1, 'Римская'),
(352, 177, 2, 'Rimskaya'),
(353, 178, 1, 'Крестьянская застава'),
(354, 178, 2, 'Krestyanskaya zastava'),
(355, 179, 1, 'Дубровка'),
(356, 179, 2, 'Dubrovka'),
(357, 180, 1, 'Кожуховская'),
(358, 180, 2, 'Kozhukhovskaya'),
(359, 181, 1, 'Печатники'),
(360, 181, 2, 'Pechatniki'),
(361, 182, 1, 'Севастопольская'),
(362, 182, 2, 'Sevastopolskaya'),
(363, 183, 1, 'Южная'),
(364, 183, 2, 'Yuzhnaya'),
(365, 184, 1, 'Аннино'),
(366, 184, 2, 'Annino'),
(367, 185, 1, 'Бульвар Дмитрия Донского'),
(368, 185, 2, 'Bulvar Dmitriya Donskogo'),
(369, 186, 1, 'Новогиреево'),
(370, 186, 2, 'Novogireevo'),
(371, 187, 1, 'Окружная'),
(372, 187, 2, 'Okruzhnaya'),
(373, 188, 1, 'Петровско-Разумовская'),
(374, 188, 2, 'Petrovsko-Razumovskaya'),
(375, 189, 1, 'Шоссе Энтузиастов'),
(376, 189, 2, 'Shosse Entuziastov'),
(377, 190, 1, 'Братиславская'),
(378, 190, 2, 'Bratislavskaya'),
(379, 191, 1, 'Марьино'),
(380, 191, 2, 'Maryino'),
(381, 192, 1, 'Борисово'),
(382, 192, 2, 'Borisovo'),
(383, 193, 1, 'Каховская'),
(384, 193, 2, 'Kahovskaya'),
(385, 194, 1, 'Варшавская'),
(386, 194, 2, 'Varshavskaya'),
(387, 195, 1, 'Кузнецкий мост'),
(388, 195, 2, 'Kuznetsky Most'),
(389, 196, 1, 'Деловой центр'),
(390, 196, 2, 'Delovoy Tsentr'),
(391, 197, 1, 'Шипиловская'),
(392, 197, 2, 'Shipilovskaya'),
(393, 198, 1, 'Зябликово'),
(394, 198, 2, 'Zyablikovo'),
(395, 199, 1, 'Битцевский парк'),
(396, 199, 2, 'Bitsevsky Park'),
(397, 200, 1, 'Лесопарковая'),
(398, 200, 2, 'Lesoparkovaya'),
(399, 201, 1, 'Улица Старокачаловская'),
(400, 201, 2, 'Ulitsa Starokachalovskaya'),
(401, 202, 1, 'Улица Скобелевская'),
(402, 202, 2, 'Ulitsa Skobelevskaya'),
(403, 203, 1, 'Бульвар Адмирала Ушакова'),
(404, 203, 2, 'Bulvar Admirala Ushakova'),
(405, 204, 1, 'Улица Горчакова'),
(406, 204, 2, 'Ulitsa Gorchakova'),
(407, 205, 1, 'Бунинская Аллея'),
(408, 205, 2, 'Buninskaya Alleya'),
(409, 206, 1, 'Лобня'),
(410, 206, 2, 'Lobnya'),
(411, 207, 1, 'Шереметьевская'),
(412, 207, 2, 'Sheremetesvkaya'),
(413, 208, 1, 'Ломоносовский проспект'),
(414, 208, 2, 'Lomonosovskiy prospekt'),
(415, 209, 1, 'Раменки'),
(416, 209, 2, 'Ramenki'),
(417, 210, 1, 'Хлебниково'),
(418, 210, 2, 'Khlebnikovo'),
(419, 211, 1, 'Мичуринский проспект'),
(420, 211, 2, 'Michurinskiy Prospekt'),
(421, 212, 1, 'Водники'),
(422, 212, 2, 'Vodniki'),
(423, 213, 1, 'Озёрная'),
(424, 213, 2, 'Ozyornaya'),
(425, 214, 1, 'Долгопрудная'),
(426, 214, 2, 'Dolgoprudnaya'),
(427, 215, 1, 'Говорово'),
(428, 215, 2, 'Govorovo'),
(429, 216, 1, 'Новодачная'),
(430, 216, 2, 'Novodachnaya'),
(431, 217, 1, 'Солнцево'),
(432, 217, 2, 'Solntsevo'),
(433, 218, 1, 'Лианозово'),
(434, 218, 2, 'Lianozovo'),
(435, 219, 1, 'Боровское шоссе'),
(436, 219, 2, 'Borovskoe shosse'),
(437, 220, 1, 'Новопеределкино'),
(438, 220, 2, 'Novoperedelkino'),
(439, 221, 1, 'Бескудниково'),
(440, 221, 2, 'Beskudnikovo'),
(441, 222, 1, 'Дегунино'),
(442, 222, 2, 'Degunino'),
(443, 223, 1, 'Окружная'),
(444, 223, 2, 'Okruzhnaya'),
(445, 224, 1, 'Тимирязевская'),
(446, 224, 2, 'Timiryazevskaya'),
(447, 225, 1, 'Савёловская'),
(448, 225, 2, 'Savyolovskaya'),
(449, 226, 1, 'Белорусская'),
(450, 226, 2, 'Belorusskaya'),
(451, 227, 1, 'Беговая'),
(452, 227, 2, 'Begovaya'),
(453, 228, 1, 'Тестовская'),
(454, 228, 2, 'Testovskaya'),
(455, 229, 1, 'Фили'),
(456, 229, 2, 'Fili'),
(457, 230, 1, 'Славянский бульвар'),
(458, 230, 2, 'Slavyanskiy Bulvar'),
(459, 231, 1, 'Кунцевская'),
(460, 231, 2, 'Kuntsevskaya'),
(461, 232, 1, 'Сетунь'),
(462, 232, 2, 'Setun'),
(463, 233, 1, 'Немчиновка'),
(464, 233, 2, 'Nemchinovka'),
(465, 234, 1, 'Сколково'),
(466, 234, 2, 'Skolkovo'),
(467, 235, 1, 'Баковка'),
(468, 235, 2, 'Bakovka'),
(469, 236, 1, 'Одинцово'),
(470, 236, 2, 'Odintsovo'),
(471, 237, 1, 'Нахабино'),
(472, 237, 2, 'Nakhabino'),
(473, 238, 1, 'Аникеевка'),
(474, 238, 2, 'Anikeevka'),
(475, 239, 1, 'Опалиха'),
(476, 239, 2, 'Opalikha'),
(477, 240, 1, 'Красногорская'),
(478, 240, 2, 'Krasnogorskaya'),
(479, 241, 1, 'Павшино'),
(480, 241, 2, 'Pavshino'),
(481, 242, 1, 'Пенягино'),
(482, 242, 2, 'Penyagino'),
(483, 243, 1, 'Волоколамская'),
(484, 243, 2, 'Volokolamskaya'),
(485, 244, 1, 'Трикотажная'),
(486, 244, 2, 'Trikotazhnya'),
(487, 245, 1, 'Тушинская'),
(488, 245, 2, 'Tushinskaya'),
(489, 246, 1, 'Волжская'),
(490, 246, 2, 'Volzhskaya'),
(491, 247, 1, 'Минская'),
(492, 247, 2, 'Minskaya'),
(493, 248, 1, 'Парк Победы'),
(494, 248, 2, 'Park Pobedy'),
(495, 249, 1, 'Рабочий посёлок'),
(496, 249, 2, 'Rabochiy Poselok'),
(497, 250, 1, 'Люблино'),
(498, 250, 2, 'Lyublino'),
(499, 251, 1, 'Стрешнево'),
(500, 251, 2, 'Streshnevo'),
(501, 252, 1, 'Красный Балтиец'),
(502, 252, 2, 'Krasniy Baltiets'),
(503, 253, 1, 'Гражданская'),
(504, 253, 2, 'Grazhdanskaya'),
(505, 254, 1, 'Ботанический сад'),
(506, 254, 2, 'Botanicheskiy Sad'),
(507, 255, 1, 'Дмитровская'),
(508, 255, 2, 'Dmitrovskaya'),
(509, 256, 1, 'Рижская'),
(510, 256, 2, 'Rizhskaya'),
(511, 257, 1, 'Щукинская'),
(512, 257, 2, 'Schukinskaya'),
(513, 258, 1, 'Марк'),
(514, 258, 2, 'Mark'),
(515, 259, 1, 'Белокаменная'),
(516, 259, 2, 'Belokamennaya'),
(517, 260, 1, 'Курская'),
(518, 260, 2, 'Kurskaya'),
(519, 261, 1, 'Бульвар Рокоссовского'),
(520, 261, 2, 'Bulvar Rokossovskogo'),
(521, 262, 1, 'Калитники'),
(522, 262, 2, 'Kalitniki'),
(523, 263, 1, 'Измайлово'),
(524, 263, 2, 'Izmaylovo'),
(525, 264, 1, 'Новохохловская'),
(526, 264, 2, 'Novokhokhlovskaya'),
(527, 265, 1, 'Текстильщики'),
(528, 265, 2, 'Tekstilschiki'),
(529, 266, 1, 'Шоссе Энтузиастов'),
(530, 266, 2, 'Shosse Entuziastov'),
(531, 267, 1, 'Новохохловская'),
(532, 267, 2, 'Novokhokhlovskaya'),
(533, 268, 1, 'Крымская'),
(534, 268, 2, 'Krymskaya'),
(535, 269, 1, 'Площадь Гагарина'),
(536, 269, 2, 'Ploschad Gagarina'),
(537, 270, 1, 'Лужники'),
(538, 270, 2, 'Luzhniki'),
(539, 271, 1, 'Кутузовская'),
(540, 271, 2, 'Kutuzovskaya'),
(541, 272, 1, 'Деловой центр'),
(542, 272, 2, 'Delovoy tsentr'),
(543, 273, 1, 'Хорошёво'),
(544, 273, 2, 'Khoroshyovo'),
(545, 274, 1, 'Стрешнево'),
(546, 274, 2, 'Streshnevo'),
(547, 275, 1, 'Коптево'),
(548, 275, 2, 'Koptevo'),
(549, 276, 1, 'Лихоборы'),
(550, 276, 2, 'Likhobory'),
(551, 277, 1, 'Ростокино'),
(552, 277, 2, 'Rostokino'),
(553, 278, 1, 'Локомотив'),
(554, 278, 2, 'Lokomotiv'),
(555, 279, 1, 'Соколиная гора'),
(556, 279, 2, 'Sokolinaya gora'),
(557, 280, 1, 'Андроновка'),
(558, 280, 2, 'Andronovka'),
(559, 281, 1, 'Нижегородская'),
(560, 281, 2, 'Nizhegorodskaya'),
(561, 282, 1, 'Угрешская'),
(562, 282, 2, 'Ugreshskaya'),
(563, 283, 1, 'Дубровка'),
(564, 283, 2, 'Dubrovka'),
(565, 284, 1, 'Автозаводская'),
(566, 284, 2, 'Avtozavodskaya'),
(567, 285, 1, 'ЗИЛ'),
(568, 285, 2, 'ZIL'),
(569, 286, 1, 'Верхние Котлы'),
(570, 286, 2, 'Verkhnie Kotly'),
(571, 287, 1, 'Шелепиха'),
(572, 287, 2, 'Shelepikha'),
(573, 288, 1, 'Зорге'),
(574, 288, 2, 'Zorge'),
(575, 289, 1, 'Панфиловская'),
(576, 289, 2, 'Panfilovskaya'),
(577, 290, 1, 'Балтийская'),
(578, 290, 2, 'Baltiyskaya'),
(579, 291, 1, 'Окружная'),
(580, 291, 2, 'Okruzhnaya'),
(581, 292, 1, 'Владыкино'),
(582, 292, 2, 'Vladykino'),
(583, 293, 1, 'Нижегородская'),
(584, 293, 2, 'Nizhegorodskaya'),
(585, 294, 1, 'Стахановская'),
(586, 294, 2, 'Stakhanovskaya'),
(587, 295, 1, 'Войковская'),
(588, 295, 2, 'Voykovskaya'),
(589, 296, 1, 'Лефортово'),
(590, 296, 2, 'Lefortovo'),
(591, 297, 1, 'Авиамоторная'),
(592, 297, 2, 'Aviamotornaya'),
(593, 298, 1, 'Окская'),
(594, 298, 2, 'Okskaya'),
(595, 299, 1, 'Юго-Восточная'),
(596, 299, 2, 'Yugo-Vostochnaya'),
(597, 300, 1, 'Косино'),
(598, 300, 2, 'Kosino'),
(599, 301, 1, 'Улица Дмитриевского'),
(600, 301, 2, 'Ulitsa Dmitrievskogo'),
(601, 302, 1, 'Лухмановская'),
(602, 302, 2, 'Lukhmanovskaya'),
(603, 303, 1, 'Некрасовка'),
(604, 303, 2, 'Nekrasovka'),
(605, 304, 1, 'Москва-Товарная'),
(606, 304, 2, 'Moskva-Tovarnaya'),
(607, 305, 1, 'Рассказовка'),
(608, 305, 2, 'Rasskazovka'),
(609, 306, 1, 'Фрунзенская'),
(610, 306, 2, 'Frunzenskaya'),
(611, 307, 1, 'Белорусская'),
(612, 307, 2, 'Belorusskaya'),
(613, 308, 1, 'Крылатское'),
(614, 308, 2, 'Krylatskoe'),
(615, 309, 1, 'Парк Победы'),
(616, 309, 2, 'Park Pobedy'),
(617, 310, 1, 'Люблино'),
(618, 310, 2, 'Lyublino'),
(619, 311, 1, 'Депо'),
(620, 311, 2, 'Depo'),
(621, 312, 1, 'Перерва'),
(622, 312, 2, 'Pererva'),
(623, 313, 1, 'Курьяново'),
(624, 313, 2, 'Kuryanovo'),
(625, 314, 1, 'Москворечье'),
(626, 314, 2, 'Moskvorechye'),
(627, 315, 1, 'Царицыно'),
(628, 315, 2, 'Tsaritsyno'),
(629, 316, 1, 'Покровское'),
(630, 316, 2, 'Pokrovskoe'),
(631, 317, 1, 'Красный Строитель'),
(632, 317, 2, 'Krasniy Stroitel'),
(633, 318, 1, 'Битца'),
(634, 318, 2, 'Bitsa'),
(635, 319, 1, 'Бутово'),
(636, 319, 2, 'Butovo'),
(637, 320, 1, 'Щербинка'),
(638, 320, 2, 'Scherbinka'),
(639, 321, 1, 'Остафьево'),
(640, 321, 2, 'Ostafievo'),
(641, 322, 1, 'Силикатная'),
(642, 322, 2, 'Silikatnaya'),
(643, 323, 1, 'Подольск'),
(644, 323, 2, 'Podolsk'),
(645, 324, 1, 'Савёловская'),
(646, 324, 2, 'Savyolovskaya'),
(647, 325, 1, 'Петровский парк'),
(648, 325, 2, 'Petrovsky park'),
(649, 326, 1, 'ЦСКА'),
(650, 326, 2, 'CSKA'),
(651, 327, 1, 'Хорошёвская'),
(652, 327, 2, 'Khoroshyovskaya'),
(653, 328, 1, 'Шелепиха'),
(654, 328, 2, 'Shelepikha'),
(655, 329, 1, 'Электрозаводская'),
(656, 329, 2, 'Elektrozavodskaya'),
(657, 330, 1, 'Мнёвники'),
(658, 330, 2, 'Mnyovniki'),
(659, 331, 1, 'Народное Ополчение'),
(660, 331, 2, 'Narodnoe Opolchenie'),
(661, 332, 1, 'Новаторская'),
(662, 332, 2, 'Novatorskaya  '),
(663, 333, 1, 'Деловой центр'),
(664, 333, 2, 'Delovoy Tsentr'),
(665, 334, 1, 'Каширская'),
(666, 334, 2, 'Kashirskaya'),
(667, 335, 1, 'Зюзино'),
(668, 335, 2, 'Zyuzino'),
(669, 336, 1, 'Воронцовская'),
(670, 336, 2, 'Vorontsovskaya'),
(671, 337, 1, 'Проспект Вернадского'),
(672, 337, 2, 'Prospekt Vernadskogo'),
(673, 338, 1, 'Мичуринский проспект'),
(674, 338, 2, 'Michurinskiy Prospekt'),
(675, 339, 1, 'Аминьевская'),
(676, 339, 2, 'Aminyevskaya'),
(677, 340, 1, 'Давыдково'),
(678, 340, 2, 'Davydkovo'),
(679, 341, 1, 'Кунцевская'),
(680, 341, 2, 'Kuntsevskaya'),
(681, 342, 1, 'Терехово'),
(682, 342, 2, 'Terekhovo'),
(683, 343, 1, 'Печатники'),
(684, 343, 2, 'Pechatniki'),
(685, 344, 1, 'Площадь трёх вокзалов'),
(686, 344, 2, 'Ploschad Tryokh Vokzalov');

--
-- Constraints for dumped tables
--

--
-- Constraints for table `lines_translation`
--
ALTER TABLE `lines_translation`
  ADD CONSTRAINT `lines_translation_ibfk_1` FOREIGN KEY (`language_id`) REFERENCES `languages` (`id`) ON DELETE CASCADE ON UPDATE NO ACTION,
  ADD CONSTRAINT `lines_translation_ibfk_2` FOREIGN KEY (`line_id`) REFERENCES `lines` (`id`) ON DELETE CASCADE ON UPDATE NO ACTION;

--
-- Constraints for table `stations`
--
ALTER TABLE `stations`
  ADD CONSTRAINT `stations_ibfk_1` FOREIGN KEY (`line_id`) REFERENCES `lines` (`id`) ON DELETE CASCADE ON UPDATE NO ACTION;

--
-- Constraints for table `stations_audio`
--
ALTER TABLE `stations_audio`
  ADD CONSTRAINT `stations_audio_ibfk_1` FOREIGN KEY (`station_id`) REFERENCES `stations` (`id`) ON DELETE CASCADE ON UPDATE NO ACTION;

--
-- Constraints for table `stations_exits`
--
ALTER TABLE `stations_exits`
  ADD CONSTRAINT `stations_exits_ibfk_1` FOREIGN KEY (`station_id`) REFERENCES `stations` (`id`) ON DELETE CASCADE ON UPDATE NO ACTION;

--
-- Constraints for table `stations_features`
--
ALTER TABLE `stations_features`
  ADD CONSTRAINT `stations_features_ibfk_1` FOREIGN KEY (`station_id`) REFERENCES `stations` (`id`) ON DELETE CASCADE ON UPDATE NO ACTION,
  ADD CONSTRAINT `stations_features_ibfk_2` FOREIGN KEY (`feature_id`) REFERENCES `services` (`id`) ON DELETE CASCADE ON UPDATE NO ACTION;

--
-- Constraints for table `stations_transfers`
--
ALTER TABLE `stations_transfers`
  ADD CONSTRAINT `stations_transfers_ibfk_1` FOREIGN KEY (`station_id`) REFERENCES `stations` (`id`) ON DELETE CASCADE ON UPDATE NO ACTION,
  ADD CONSTRAINT `stations_transfers_ibfk_2` FOREIGN KEY (`station_to_id`) REFERENCES `stations` (`id`) ON DELETE CASCADE ON UPDATE NO ACTION;

--
-- Constraints for table `stations_translation`
--
ALTER TABLE `stations_translation`
  ADD CONSTRAINT `stations_translation_ibfk_1` FOREIGN KEY (`station_id`) REFERENCES `stations` (`id`) ON DELETE CASCADE;

/*!40101 SET CHARACTER_SET_CLIENT=@OLD_CHARACTER_SET_CLIENT */;
/*!40101 SET CHARACTER_SET_RESULTS=@OLD_CHARACTER_SET_RESULTS */;
/*!40101 SET COLLATION_CONNECTION=@OLD_COLLATION_CONNECTION */;
